-- phpMyAdmin SQL Dump
-- version 5.2.0
-- https://www.phpmyadmin.net/
--
-- Host: localhost:8889
-- Generation Time: Jul 09, 2023 at 10:20 AM
-- Server version: 5.7.39
-- PHP Version: 7.4.33

SET SQL_MODE = "NO_AUTO_VALUE_ON_ZERO";
START TRANSACTION;
SET time_zone = "+00:00";


/*!40101 SET @OLD_CHARACTER_SET_CLIENT=@@CHARACTER_SET_CLIENT */;
/*!40101 SET @OLD_CHARACTER_SET_RESULTS=@@CHARACTER_SET_RESULTS */;
/*!40101 SET @OLD_COLLATION_CONNECTION=@@COLLATION_CONNECTION */;
/*!40101 SET NAMES utf8mb4 */;

--
-- Database: `weusecar`
--

-- --------------------------------------------------------

--
-- Table structure for table `brand`
--

CREATE TABLE `brand` (
  `brand_id` int(11) NOT NULL,
  `brand_name` varchar(100) NOT NULL
) ENGINE=InnoDB DEFAULT CHARSET=utf8;

--
-- Dumping data for table `brand`
--

INSERT INTO `brand` (`brand_id`, `brand_name`) VALUES
(1, 'Toyota'),
(2, 'HONDA'),
(3, 'MITSUBISHI'),
(4, 'FORD'),
(5, 'MAZDA'),
(6, 'MG'),
(7, 'ISUZU'),
(8, 'Hyundai'),
(9, 'NISSAN');

-- --------------------------------------------------------

--
-- Table structure for table `car`
--

CREATE TABLE `car` (
  `car_id` int(11) NOT NULL,
  `brand_id` int(11) NOT NULL,
  `car_ver` varchar(50) NOT NULL,
  `car_years` varchar(10) NOT NULL,
  `car_price` varchar(50) NOT NULL,
  `car_detail` varchar(255) NOT NULL
) ENGINE=InnoDB DEFAULT CHARSET=utf8;

--
-- Dumping data for table `car`
--

INSERT INTO `car` (`car_id`, `brand_id`, `car_ver`, `car_years`, `car_price`, `car_detail`) VALUES
(1, 1, 'Mitsubishi Pajero-Sport', '2018', '840000', '2018 Mitsubishi Pajero-Sport 2.4 Gls Limited  เกียร์อัตโนมัติ 54,773 กม.  ดีเซล');

-- --------------------------------------------------------

--
-- Table structure for table `chk_alloy`
--

CREATE TABLE `chk_alloy` (
  `id` int(11) NOT NULL,
  `goods_id` int(11) NOT NULL,
  `goods_chk_alloy_id` int(11) NOT NULL,
  `goods_chk_status_id` int(11) NOT NULL
) ENGINE=InnoDB DEFAULT CHARSET=utf8;

--
-- Dumping data for table `chk_alloy`
--

INSERT INTO `chk_alloy` (`id`, `goods_id`, `goods_chk_alloy_id`, `goods_chk_status_id`) VALUES
(1, 44, 1, 1),
(2, 44, 2, 1),
(3, 44, 3, 1),
(4, 44, 4, 1),
(5, 45, 1, 1),
(6, 45, 2, 1),
(7, 45, 3, 1),
(8, 45, 4, 1),
(9, 45, 1, 1),
(10, 45, 2, 1),
(11, 45, 3, 1),
(12, 45, 4, 1),
(13, 44, 1, 1),
(14, 44, 2, 1),
(15, 44, 3, 1),
(16, 44, 4, 1),
(17, 44, 1, 1),
(18, 44, 2, 1),
(19, 44, 3, 1),
(20, 44, 4, 1),
(21, 44, 1, 1),
(22, 44, 2, 1),
(23, 44, 3, 1),
(24, 44, 4, 1),
(25, 44, 1, 1),
(26, 44, 2, 1),
(27, 44, 3, 1),
(28, 44, 4, 1),
(29, 44, 1, 1),
(30, 44, 2, 1),
(31, 44, 3, 1),
(32, 44, 4, 1),
(33, 44, 1, 1),
(34, 44, 2, 1),
(35, 44, 3, 1),
(36, 44, 4, 1),
(37, 44, 1, 1),
(38, 44, 2, 1),
(39, 44, 3, 1),
(40, 44, 4, 1),
(41, 44, 1, 1),
(42, 44, 2, 1),
(43, 44, 3, 1),
(44, 44, 4, 1),
(45, 44, 1, 1),
(46, 44, 2, 1),
(47, 44, 3, 1),
(48, 44, 4, 1),
(49, 44, 1, 1),
(50, 44, 2, 1),
(51, 44, 3, 1),
(52, 44, 4, 1),
(53, 44, 1, 1),
(54, 44, 2, 1),
(55, 44, 3, 1),
(56, 44, 4, 1),
(57, 44, 1, 1),
(58, 44, 2, 1),
(59, 44, 3, 1),
(60, 44, 4, 1),
(61, 44, 1, 1),
(62, 44, 2, 1),
(63, 44, 3, 1),
(64, 44, 4, 1),
(65, 44, 1, 1),
(66, 44, 2, 1),
(67, 44, 3, 1),
(68, 44, 4, 1),
(69, 44, 1, 1),
(70, 44, 2, 1),
(71, 44, 3, 1),
(72, 44, 4, 1),
(73, 44, 1, 1),
(74, 44, 2, 1),
(75, 44, 3, 1),
(76, 44, 4, 1),
(77, 44, 1, 1),
(78, 44, 2, 1),
(79, 44, 3, 1),
(80, 44, 4, 1),
(81, 44, 1, 1),
(82, 44, 2, 1),
(83, 44, 3, 1),
(84, 44, 4, 1),
(85, 44, 1, 1),
(86, 44, 2, 1),
(87, 44, 3, 1),
(88, 44, 4, 1),
(89, 44, 1, 1),
(90, 44, 2, 1),
(91, 44, 3, 1),
(92, 44, 4, 1);

-- --------------------------------------------------------

--
-- Table structure for table `chk_car_brand_symbol`
--

CREATE TABLE `chk_car_brand_symbol` (
  `id` int(11) NOT NULL,
  `goods_id` int(11) NOT NULL,
  `goods_chk_car_brand_symbol_id` int(11) NOT NULL,
  `goods_chk_status_id` int(11) NOT NULL
) ENGINE=InnoDB DEFAULT CHARSET=utf8;

--
-- Dumping data for table `chk_car_brand_symbol`
--

INSERT INTO `chk_car_brand_symbol` (`id`, `goods_id`, `goods_chk_car_brand_symbol_id`, `goods_chk_status_id`) VALUES
(1, 44, 1, 1),
(2, 44, 2, 1),
(3, 45, 1, 1),
(4, 45, 2, 1),
(5, 45, 1, 1),
(6, 45, 2, 1),
(7, 44, 1, 1),
(8, 44, 2, 1),
(9, 44, 1, 1),
(10, 44, 2, 1),
(11, 44, 1, 1),
(12, 44, 2, 1),
(13, 44, 1, 1),
(14, 44, 2, 1),
(15, 44, 1, 1),
(16, 44, 2, 1),
(17, 44, 1, 1),
(18, 44, 2, 1),
(19, 44, 1, 1),
(20, 44, 2, 1),
(21, 44, 1, 1),
(22, 44, 2, 1),
(23, 44, 1, 1),
(24, 44, 2, 1),
(25, 44, 1, 1),
(26, 44, 2, 1),
(27, 44, 1, 1),
(28, 44, 2, 1),
(29, 44, 1, 1),
(30, 44, 2, 1),
(31, 44, 1, 1),
(32, 44, 2, 1),
(33, 44, 1, 1),
(34, 44, 2, 1),
(35, 44, 1, 1),
(36, 44, 2, 1),
(37, 44, 1, 1),
(38, 44, 2, 1),
(39, 44, 1, 1),
(40, 44, 2, 1),
(41, 44, 1, 1),
(42, 44, 2, 1),
(43, 44, 1, 1),
(44, 44, 2, 1),
(45, 44, 1, 1),
(46, 44, 2, 1);

-- --------------------------------------------------------

--
-- Table structure for table `chk_car_door`
--

CREATE TABLE `chk_car_door` (
  `id` int(11) NOT NULL,
  `goods_id` int(11) NOT NULL,
  `goods_chk_car_door_id` int(11) NOT NULL,
  `goods_chk_status_id` int(11) NOT NULL
) ENGINE=InnoDB DEFAULT CHARSET=utf8;

--
-- Dumping data for table `chk_car_door`
--

INSERT INTO `chk_car_door` (`id`, `goods_id`, `goods_chk_car_door_id`, `goods_chk_status_id`) VALUES
(1, 44, 1, 1),
(2, 44, 2, 1),
(3, 44, 3, 1),
(4, 44, 4, 1),
(5, 45, 1, 1),
(6, 45, 2, 1),
(7, 45, 3, 1),
(8, 45, 4, 1),
(9, 45, 1, 1),
(10, 45, 2, 1),
(11, 45, 3, 1),
(12, 45, 4, 1),
(13, 44, 1, 1),
(14, 44, 2, 1),
(15, 44, 3, 1),
(16, 44, 4, 1),
(17, 44, 1, 1),
(18, 44, 2, 1),
(19, 44, 3, 1),
(20, 44, 4, 1),
(21, 44, 1, 1),
(22, 44, 2, 1),
(23, 44, 3, 1),
(24, 44, 4, 1),
(25, 44, 1, 1),
(26, 44, 2, 1),
(27, 44, 3, 1),
(28, 44, 4, 1),
(29, 44, 1, 1),
(30, 44, 2, 1),
(31, 44, 3, 1),
(32, 44, 4, 1),
(33, 44, 1, 1),
(34, 44, 2, 1),
(35, 44, 3, 1),
(36, 44, 4, 1),
(37, 44, 1, 1),
(38, 44, 2, 1),
(39, 44, 3, 1),
(40, 44, 4, 1),
(41, 44, 1, 1),
(42, 44, 2, 1),
(43, 44, 3, 1),
(44, 44, 4, 1),
(45, 44, 1, 1),
(46, 44, 2, 1),
(47, 44, 3, 1),
(48, 44, 4, 1),
(49, 44, 1, 1),
(50, 44, 2, 1),
(51, 44, 3, 1),
(52, 44, 4, 1),
(53, 44, 1, 1),
(54, 44, 2, 1),
(55, 44, 3, 1),
(56, 44, 4, 1),
(57, 44, 1, 1),
(58, 44, 2, 1),
(59, 44, 3, 1),
(60, 44, 4, 1),
(61, 44, 1, 1),
(62, 44, 2, 1),
(63, 44, 3, 1),
(64, 44, 4, 1),
(65, 44, 1, 1),
(66, 44, 2, 1),
(67, 44, 3, 1),
(68, 44, 4, 1),
(69, 44, 1, 1),
(70, 44, 2, 1),
(71, 44, 3, 1),
(72, 44, 4, 1),
(73, 44, 1, 1),
(74, 44, 2, 1),
(75, 44, 3, 1),
(76, 44, 4, 1),
(77, 44, 1, 1),
(78, 44, 2, 1),
(79, 44, 3, 1),
(80, 44, 4, 1),
(81, 44, 1, 1),
(82, 44, 2, 1),
(83, 44, 3, 1),
(84, 44, 4, 1),
(85, 44, 1, 1),
(86, 44, 2, 1),
(87, 44, 3, 1),
(88, 44, 4, 1),
(89, 44, 1, 1),
(90, 44, 2, 1),
(91, 44, 3, 1),
(92, 44, 4, 1);

-- --------------------------------------------------------

--
-- Table structure for table `chk_car_floor`
--

CREATE TABLE `chk_car_floor` (
  `id` int(11) NOT NULL,
  `goods_id` int(11) NOT NULL,
  `goods_chk_car_floor_id` int(11) NOT NULL,
  `goods_chk_status_id` int(11) NOT NULL
) ENGINE=InnoDB DEFAULT CHARSET=utf8;

--
-- Dumping data for table `chk_car_floor`
--

INSERT INTO `chk_car_floor` (`id`, `goods_id`, `goods_chk_car_floor_id`, `goods_chk_status_id`) VALUES
(1, 44, 1, 1),
(2, 45, 1, 1),
(3, 45, 1, 1),
(4, 44, 1, 1),
(5, 44, 1, 1),
(6, 44, 1, 1),
(7, 44, 1, 1),
(8, 44, 1, 1),
(9, 44, 1, 1),
(10, 44, 1, 1),
(11, 44, 1, 1),
(12, 44, 1, 1),
(13, 44, 1, 1),
(14, 44, 1, 1),
(15, 44, 1, 1),
(16, 44, 1, 1),
(17, 44, 1, 1),
(18, 44, 1, 1),
(19, 44, 1, 1),
(20, 44, 1, 1),
(21, 44, 1, 1),
(22, 44, 1, 1),
(23, 44, 1, 1);

-- --------------------------------------------------------

--
-- Table structure for table `chk_car_frame`
--

CREATE TABLE `chk_car_frame` (
  `id` int(11) NOT NULL,
  `goods_id` int(11) NOT NULL,
  `goods_chk_car_frame_id` int(11) NOT NULL,
  `goods_chk_status_id` int(11) NOT NULL
) ENGINE=InnoDB DEFAULT CHARSET=utf8;

--
-- Dumping data for table `chk_car_frame`
--

INSERT INTO `chk_car_frame` (`id`, `goods_id`, `goods_chk_car_frame_id`, `goods_chk_status_id`) VALUES
(1, 44, 1, 1),
(2, 44, 2, 1),
(3, 44, 3, 1),
(4, 44, 4, 1),
(5, 44, 5, 1),
(6, 44, 6, 1),
(7, 45, 1, 1),
(8, 45, 2, 1),
(9, 45, 3, 1),
(10, 45, 4, 1),
(11, 45, 5, 1),
(12, 45, 6, 1),
(13, 45, 1, 1),
(14, 45, 2, 1),
(15, 45, 3, 1),
(16, 45, 4, 1),
(17, 45, 5, 1),
(18, 45, 6, 1),
(19, 44, 1, 1),
(20, 44, 2, 1),
(21, 44, 3, 1),
(22, 44, 4, 1),
(23, 44, 5, 1),
(24, 44, 6, 1),
(25, 44, 1, 1),
(26, 44, 2, 1),
(27, 44, 3, 1),
(28, 44, 4, 1),
(29, 44, 5, 1),
(30, 44, 6, 1),
(31, 44, 1, 1),
(32, 44, 2, 1),
(33, 44, 3, 1),
(34, 44, 4, 1),
(35, 44, 5, 1),
(36, 44, 6, 1),
(37, 44, 1, 1),
(38, 44, 2, 1),
(39, 44, 3, 1),
(40, 44, 4, 1),
(41, 44, 5, 1),
(42, 44, 6, 1),
(43, 44, 1, 1),
(44, 44, 2, 1),
(45, 44, 3, 1),
(46, 44, 4, 1),
(47, 44, 5, 1),
(48, 44, 6, 1),
(49, 44, 1, 1),
(50, 44, 2, 1),
(51, 44, 3, 1),
(52, 44, 4, 1),
(53, 44, 5, 1),
(54, 44, 6, 1),
(55, 44, 1, 1),
(56, 44, 2, 1),
(57, 44, 3, 1),
(58, 44, 4, 1),
(59, 44, 5, 1),
(60, 44, 6, 1),
(61, 44, 1, 1),
(62, 44, 2, 1),
(63, 44, 3, 1),
(64, 44, 4, 1),
(65, 44, 5, 1),
(66, 44, 6, 1),
(67, 44, 1, 1),
(68, 44, 2, 1),
(69, 44, 3, 1),
(70, 44, 4, 1),
(71, 44, 5, 1),
(72, 44, 6, 1),
(73, 44, 1, 1),
(74, 44, 2, 1),
(75, 44, 3, 1),
(76, 44, 4, 1),
(77, 44, 5, 1),
(78, 44, 6, 1),
(79, 44, 1, 1),
(80, 44, 2, 1),
(81, 44, 3, 1),
(82, 44, 4, 1),
(83, 44, 5, 1),
(84, 44, 6, 1),
(85, 44, 1, 1),
(86, 44, 2, 1),
(87, 44, 3, 1),
(88, 44, 4, 1),
(89, 44, 5, 1),
(90, 44, 6, 1),
(91, 44, 1, 1),
(92, 44, 2, 1),
(93, 44, 3, 1),
(94, 44, 4, 1),
(95, 44, 5, 1),
(96, 44, 6, 1),
(97, 44, 1, 1),
(98, 44, 2, 1),
(99, 44, 3, 1),
(100, 44, 4, 1),
(101, 44, 5, 1),
(102, 44, 6, 1),
(103, 44, 1, 1),
(104, 44, 2, 1),
(105, 44, 3, 1),
(106, 44, 4, 1),
(107, 44, 5, 1),
(108, 44, 6, 1),
(109, 44, 1, 1),
(110, 44, 2, 1),
(111, 44, 3, 1),
(112, 44, 4, 1),
(113, 44, 5, 1),
(114, 44, 6, 1),
(115, 44, 1, 1),
(116, 44, 2, 1),
(117, 44, 3, 1),
(118, 44, 4, 1),
(119, 44, 5, 1),
(120, 44, 6, 1),
(121, 44, 1, 1),
(122, 44, 2, 1),
(123, 44, 3, 1),
(124, 44, 4, 1),
(125, 44, 5, 1),
(126, 44, 6, 1),
(127, 44, 1, 1),
(128, 44, 2, 1),
(129, 44, 3, 1),
(130, 44, 4, 1),
(131, 44, 5, 1),
(132, 44, 6, 1),
(133, 44, 1, 1),
(134, 44, 2, 1),
(135, 44, 3, 1),
(136, 44, 4, 1),
(137, 44, 5, 1),
(138, 44, 6, 1);

-- --------------------------------------------------------

--
-- Table structure for table `chk_car_lights`
--

CREATE TABLE `chk_car_lights` (
  `id` int(11) NOT NULL COMMENT '\r\n',
  `goods_id` int(11) NOT NULL,
  `goods_chk_car_lights_id` int(11) NOT NULL,
  `goods_chk_status_id` int(11) NOT NULL
) ENGINE=InnoDB DEFAULT CHARSET=utf8;

--
-- Dumping data for table `chk_car_lights`
--

INSERT INTO `chk_car_lights` (`id`, `goods_id`, `goods_chk_car_lights_id`, `goods_chk_status_id`) VALUES
(1, 44, 1, 1),
(2, 45, 1, 1),
(3, 45, 1, 1),
(4, 44, 1, 1),
(5, 44, 1, 1),
(6, 44, 1, 1),
(7, 44, 1, 1),
(8, 44, 1, 1),
(9, 44, 1, 1),
(10, 44, 1, 1),
(11, 44, 1, 1),
(12, 44, 1, 1),
(13, 44, 1, 1),
(14, 44, 1, 1),
(15, 44, 1, 1),
(16, 44, 1, 1),
(17, 44, 1, 1),
(18, 44, 1, 1),
(19, 44, 1, 1),
(20, 44, 1, 1),
(21, 44, 1, 1),
(22, 44, 1, 1),
(23, 44, 1, 1);

-- --------------------------------------------------------

--
-- Table structure for table `chk_car_roof`
--

CREATE TABLE `chk_car_roof` (
  `id` int(11) NOT NULL COMMENT '\r\n',
  `goods_id` int(11) NOT NULL,
  `goods_chk_car_roof_id` int(11) NOT NULL,
  `goods_chk_status_id` int(11) NOT NULL
) ENGINE=InnoDB DEFAULT CHARSET=utf8;

--
-- Dumping data for table `chk_car_roof`
--

INSERT INTO `chk_car_roof` (`id`, `goods_id`, `goods_chk_car_roof_id`, `goods_chk_status_id`) VALUES
(1, 44, 1, 1),
(2, 45, 1, 1),
(3, 45, 1, 1),
(4, 44, 1, 1),
(5, 44, 1, 1),
(6, 44, 1, 1),
(7, 44, 1, 1),
(8, 44, 1, 1),
(9, 44, 1, 1),
(10, 44, 1, 1),
(11, 44, 1, 1),
(12, 44, 1, 1),
(13, 44, 1, 1),
(14, 44, 1, 1),
(15, 44, 1, 1),
(16, 44, 1, 1),
(17, 44, 1, 1),
(18, 44, 1, 1),
(19, 44, 1, 1),
(20, 44, 1, 1),
(21, 44, 1, 1),
(22, 44, 1, 1),
(23, 44, 1, 1);

-- --------------------------------------------------------

--
-- Table structure for table `chk_ceiling`
--

CREATE TABLE `chk_ceiling` (
  `id` int(11) NOT NULL,
  `goods_id` int(11) NOT NULL,
  `goods_chk_ceiling_id` int(11) NOT NULL,
  `goods_chk_status_id` int(11) NOT NULL
) ENGINE=InnoDB DEFAULT CHARSET=utf8;

--
-- Dumping data for table `chk_ceiling`
--

INSERT INTO `chk_ceiling` (`id`, `goods_id`, `goods_chk_ceiling_id`, `goods_chk_status_id`) VALUES
(1, 44, 1, 1),
(2, 45, 1, 1),
(3, 45, 1, 1),
(4, 44, 1, 1),
(5, 44, 1, 1),
(6, 44, 1, 1),
(7, 44, 1, 1),
(8, 44, 1, 1),
(9, 44, 1, 1),
(10, 44, 1, 1),
(11, 44, 1, 1),
(12, 44, 1, 1),
(13, 44, 1, 1),
(14, 44, 1, 1),
(15, 44, 1, 1),
(16, 44, 1, 1),
(17, 44, 1, 1),
(18, 44, 1, 1),
(19, 44, 1, 1),
(20, 44, 1, 1),
(21, 44, 1, 1),
(22, 44, 1, 1),
(23, 44, 1, 1);

-- --------------------------------------------------------

--
-- Table structure for table `chk_ceiling_light`
--

CREATE TABLE `chk_ceiling_light` (
  `id` int(11) NOT NULL,
  `goods_id` int(11) NOT NULL,
  `goods_chk_ceiling_light_id` int(11) NOT NULL,
  `goods_chk_status_id` int(11) NOT NULL
) ENGINE=InnoDB DEFAULT CHARSET=utf8;

--
-- Dumping data for table `chk_ceiling_light`
--

INSERT INTO `chk_ceiling_light` (`id`, `goods_id`, `goods_chk_ceiling_light_id`, `goods_chk_status_id`) VALUES
(1, 44, 1, 1),
(2, 45, 1, 1),
(3, 45, 1, 1),
(4, 44, 1, 1),
(5, 44, 1, 1),
(6, 44, 1, 1),
(7, 44, 1, 1),
(8, 44, 1, 1),
(9, 44, 1, 1),
(10, 44, 1, 1),
(11, 44, 1, 1),
(12, 44, 1, 1),
(13, 44, 1, 1),
(14, 44, 1, 1),
(15, 44, 1, 1),
(16, 44, 1, 1),
(17, 44, 1, 1),
(18, 44, 1, 1),
(19, 44, 1, 1),
(20, 44, 1, 1),
(21, 44, 1, 1),
(22, 44, 1, 1),
(23, 44, 1, 1);

-- --------------------------------------------------------

--
-- Table structure for table `chk_cooling_system`
--

CREATE TABLE `chk_cooling_system` (
  `id` int(11) NOT NULL,
  `goods_id` int(11) NOT NULL,
  `goods_chk_cooling_system_id` int(11) NOT NULL,
  `goods_chk_status_id` int(11) NOT NULL
) ENGINE=InnoDB DEFAULT CHARSET=utf8;

--
-- Dumping data for table `chk_cooling_system`
--

INSERT INTO `chk_cooling_system` (`id`, `goods_id`, `goods_chk_cooling_system_id`, `goods_chk_status_id`) VALUES
(1, 44, 1, 1),
(2, 45, 1, 1),
(3, 45, 1, 1),
(4, 44, 1, 1),
(5, 44, 1, 1),
(6, 44, 1, 1),
(7, 44, 1, 1),
(8, 44, 1, 1),
(9, 44, 1, 1),
(10, 44, 1, 1),
(11, 44, 1, 1),
(12, 44, 1, 1),
(13, 44, 1, 1),
(14, 44, 1, 1),
(15, 44, 1, 1),
(16, 44, 1, 1),
(17, 44, 1, 1),
(18, 44, 1, 1),
(19, 44, 1, 1),
(20, 44, 1, 1),
(21, 44, 1, 1),
(22, 44, 1, 1),
(23, 44, 1, 1);

-- --------------------------------------------------------

--
-- Table structure for table `chk_engine_and_gear`
--

CREATE TABLE `chk_engine_and_gear` (
  `id` int(11) NOT NULL,
  `goods_id` int(11) NOT NULL,
  `goods_chk_engine_and_gear_id` int(11) NOT NULL,
  `goods_chk_status_id` int(11) NOT NULL
) ENGINE=InnoDB DEFAULT CHARSET=utf8;

--
-- Dumping data for table `chk_engine_and_gear`
--

INSERT INTO `chk_engine_and_gear` (`id`, `goods_id`, `goods_chk_engine_and_gear_id`, `goods_chk_status_id`) VALUES
(1, 44, 1, 1),
(2, 44, 2, 1),
(3, 45, 1, 1),
(4, 45, 2, 1),
(5, 45, 1, 1),
(6, 45, 2, 1),
(7, 44, 1, 1),
(8, 44, 2, 1),
(9, 44, 1, 1),
(10, 44, 2, 1),
(11, 44, 1, 1),
(12, 44, 2, 1),
(13, 44, 1, 1),
(14, 44, 2, 1),
(15, 44, 1, 1),
(16, 44, 2, 1),
(17, 44, 1, 1),
(18, 44, 2, 1),
(19, 44, 1, 1),
(20, 44, 2, 1),
(21, 44, 1, 1),
(22, 44, 2, 1),
(23, 44, 1, 1),
(24, 44, 2, 1),
(25, 44, 1, 1),
(26, 44, 2, 1),
(27, 44, 1, 1),
(28, 44, 2, 1),
(29, 44, 1, 1),
(30, 44, 2, 1),
(31, 44, 1, 1),
(32, 44, 2, 1),
(33, 44, 1, 1),
(34, 44, 2, 1),
(35, 44, 1, 1),
(36, 44, 2, 1),
(37, 44, 1, 1),
(38, 44, 2, 1),
(39, 44, 1, 1),
(40, 44, 2, 1),
(41, 44, 1, 1),
(42, 44, 2, 1),
(43, 44, 1, 1),
(44, 44, 2, 1),
(45, 44, 1, 1),
(46, 44, 2, 1);

-- --------------------------------------------------------

--
-- Table structure for table `chk_engine_compartment_wall`
--

CREATE TABLE `chk_engine_compartment_wall` (
  `id` int(11) NOT NULL,
  `goods_id` int(11) NOT NULL,
  `goods_chk_engine_compartment_wall_id` int(11) NOT NULL,
  `goods_chk_status_id` int(11) NOT NULL
) ENGINE=InnoDB DEFAULT CHARSET=utf8;

--
-- Dumping data for table `chk_engine_compartment_wall`
--

INSERT INTO `chk_engine_compartment_wall` (`id`, `goods_id`, `goods_chk_engine_compartment_wall_id`, `goods_chk_status_id`) VALUES
(1, 44, 1, 1),
(2, 45, 1, 1),
(3, 45, 1, 1),
(4, 44, 1, 1),
(5, 44, 1, 1),
(6, 44, 1, 1),
(7, 44, 1, 1),
(8, 44, 1, 1),
(9, 44, 1, 1),
(10, 44, 1, 1),
(11, 44, 1, 1),
(12, 44, 1, 1),
(13, 44, 1, 1),
(14, 44, 1, 1),
(15, 44, 1, 1),
(16, 44, 1, 1),
(17, 44, 1, 1),
(18, 44, 1, 1),
(19, 44, 1, 1),
(20, 44, 1, 1),
(21, 44, 1, 1),
(22, 44, 1, 1),
(23, 44, 1, 1);

-- --------------------------------------------------------

--
-- Table structure for table `chk_entertainment_control_system`
--

CREATE TABLE `chk_entertainment_control_system` (
  `id` int(11) NOT NULL,
  `goods_id` int(11) NOT NULL,
  `goods_chk_entertainment_control_system_id` int(11) NOT NULL,
  `goods_chk_status_id` int(11) NOT NULL
) ENGINE=InnoDB DEFAULT CHARSET=utf8;

--
-- Dumping data for table `chk_entertainment_control_system`
--

INSERT INTO `chk_entertainment_control_system` (`id`, `goods_id`, `goods_chk_entertainment_control_system_id`, `goods_chk_status_id`) VALUES
(1, 44, 1, 1),
(2, 45, 1, 1),
(3, 45, 1, 1),
(4, 44, 1, 1),
(5, 44, 1, 1),
(6, 44, 1, 1),
(7, 44, 1, 1),
(8, 44, 1, 1),
(9, 44, 1, 1),
(10, 44, 1, 1),
(11, 44, 1, 1),
(12, 44, 1, 1),
(13, 44, 1, 1),
(14, 44, 1, 1),
(15, 44, 1, 1),
(16, 44, 1, 1),
(17, 44, 1, 1),
(18, 44, 1, 1),
(19, 44, 1, 1),
(20, 44, 1, 1),
(21, 44, 1, 1),
(22, 44, 1, 1),
(23, 44, 1, 1);

-- --------------------------------------------------------

--
-- Table structure for table `chk_fog_lamp`
--

CREATE TABLE `chk_fog_lamp` (
  `id` int(11) NOT NULL,
  `goods_id` int(11) NOT NULL,
  `goods_chk_fog_lamp_id` int(11) NOT NULL,
  `goods_chk_status_id` int(11) NOT NULL
) ENGINE=InnoDB DEFAULT CHARSET=utf8;

--
-- Dumping data for table `chk_fog_lamp`
--

INSERT INTO `chk_fog_lamp` (`id`, `goods_id`, `goods_chk_fog_lamp_id`, `goods_chk_status_id`) VALUES
(1, 0, 1, 1),
(2, 0, 2, 1),
(3, 21, 1, 1),
(4, 21, 2, 1),
(5, 22, 1, 1),
(6, 22, 2, 1),
(7, 23, 1, 1),
(8, 23, 2, 1),
(9, 24, 1, 1),
(10, 24, 2, 1),
(11, 25, 1, 1),
(12, 25, 2, 1),
(13, 26, 1, 1),
(14, 26, 2, 1),
(15, 27, 1, 1),
(16, 27, 2, 1),
(17, 28, 1, 1),
(18, 28, 2, 1),
(19, 40, 1, 1),
(20, 40, 2, 1),
(21, 41, 1, 1),
(22, 41, 2, 1),
(23, 41, 1, 1),
(24, 41, 2, 1),
(25, 41, 1, 1),
(26, 41, 2, 1),
(27, 41, 1, 1),
(28, 41, 2, 1),
(29, 41, 1, 1),
(30, 41, 2, 1),
(31, 41, 1, 1),
(32, 41, 2, 1),
(33, 41, 1, 1),
(34, 41, 2, 1),
(35, 41, 1, 1),
(36, 41, 2, 1),
(37, 41, 1, 1),
(38, 41, 2, 1),
(39, 41, 1, 1),
(40, 41, 2, 1),
(41, 44, 1, 1),
(42, 44, 2, 1),
(43, 45, 1, 1),
(44, 45, 2, 1),
(45, 45, 1, 1),
(46, 45, 2, 1),
(47, 44, 1, 1),
(48, 44, 2, 1),
(49, 44, 1, 1),
(50, 44, 2, 1),
(51, 44, 1, 1),
(52, 44, 2, 1),
(53, 44, 1, 1),
(54, 44, 2, 1),
(55, 44, 1, 1),
(56, 44, 2, 1),
(57, 44, 1, 1),
(58, 44, 2, 1),
(59, 44, 1, 1),
(60, 44, 2, 1),
(61, 44, 1, 1),
(62, 44, 2, 1),
(63, 44, 1, 1),
(64, 44, 2, 1),
(65, 44, 1, 1),
(66, 44, 2, 1),
(67, 44, 1, 1),
(68, 44, 2, 1),
(69, 44, 1, 1),
(70, 44, 2, 1),
(71, 44, 1, 1),
(72, 44, 2, 1),
(73, 44, 1, 1),
(74, 44, 2, 1),
(75, 44, 1, 1),
(76, 44, 2, 1),
(77, 44, 1, 1),
(78, 44, 2, 1),
(79, 44, 1, 1),
(80, 44, 2, 1),
(81, 44, 1, 1),
(82, 44, 2, 1),
(83, 44, 1, 1),
(84, 44, 2, 1),
(85, 44, 1, 1),
(86, 44, 2, 1),
(87, 40, 1, 1),
(88, 40, 2, 1);

-- --------------------------------------------------------

--
-- Table structure for table `chk_front_beam`
--

CREATE TABLE `chk_front_beam` (
  `id` int(11) NOT NULL,
  `goods_id` int(11) NOT NULL,
  `goods_chk_front_beam_id` int(11) NOT NULL,
  `goods_chk_status_id` int(11) NOT NULL
) ENGINE=InnoDB DEFAULT CHARSET=utf8;

--
-- Dumping data for table `chk_front_beam`
--

INSERT INTO `chk_front_beam` (`id`, `goods_id`, `goods_chk_front_beam_id`, `goods_chk_status_id`) VALUES
(1, 44, 1, 1),
(2, 45, 1, 1),
(3, 45, 1, 1),
(4, 44, 1, 1),
(5, 44, 1, 1),
(6, 44, 1, 1),
(7, 44, 1, 1),
(8, 44, 1, 1),
(9, 44, 1, 1),
(10, 44, 1, 1),
(11, 44, 1, 1),
(12, 44, 1, 1),
(13, 44, 1, 1),
(14, 44, 1, 1),
(15, 44, 1, 1),
(16, 44, 1, 1),
(17, 44, 1, 1),
(18, 44, 1, 1),
(19, 44, 1, 1),
(20, 44, 1, 1),
(21, 44, 1, 1),
(22, 44, 1, 1),
(23, 44, 1, 1);

-- --------------------------------------------------------

--
-- Table structure for table `chk_front_fender`
--

CREATE TABLE `chk_front_fender` (
  `id` int(11) NOT NULL,
  `goods_id` int(11) NOT NULL,
  `goods_chk_front_fender_id` int(11) NOT NULL,
  `goods_chk_status_id` int(11) NOT NULL
) ENGINE=InnoDB DEFAULT CHARSET=utf8;

--
-- Dumping data for table `chk_front_fender`
--

INSERT INTO `chk_front_fender` (`id`, `goods_id`, `goods_chk_front_fender_id`, `goods_chk_status_id`) VALUES
(1, 44, 1, 1),
(2, 44, 2, 1),
(3, 45, 1, 1),
(4, 45, 2, 1),
(5, 45, 1, 1),
(6, 45, 2, 1),
(7, 44, 1, 1),
(8, 44, 2, 1),
(9, 44, 1, 1),
(10, 44, 2, 1),
(11, 44, 1, 1),
(12, 44, 2, 1),
(13, 44, 1, 1),
(14, 44, 2, 1),
(15, 44, 1, 1),
(16, 44, 2, 1),
(17, 44, 1, 1),
(18, 44, 2, 1),
(19, 44, 1, 1),
(20, 44, 2, 1),
(21, 44, 1, 1),
(22, 44, 2, 1),
(23, 44, 1, 1),
(24, 44, 2, 1),
(25, 44, 1, 1),
(26, 44, 2, 1),
(27, 44, 1, 1),
(28, 44, 2, 1),
(29, 44, 1, 1),
(30, 44, 2, 1),
(31, 44, 1, 1),
(32, 44, 2, 1),
(33, 44, 1, 1),
(34, 44, 2, 1),
(35, 44, 1, 1),
(36, 44, 2, 1),
(37, 44, 1, 1),
(38, 44, 2, 1),
(39, 44, 1, 1),
(40, 44, 2, 1),
(41, 44, 1, 1),
(42, 44, 2, 1),
(43, 44, 1, 1),
(44, 44, 2, 1),
(45, 44, 1, 1),
(46, 44, 2, 1);

-- --------------------------------------------------------

--
-- Table structure for table `chk_front_light`
--

CREATE TABLE `chk_front_light` (
  `id` int(11) NOT NULL,
  `goods_id` int(11) NOT NULL,
  `goods_chk_front_light_id` int(11) NOT NULL,
  `goods_chk_status_id` int(11) NOT NULL
) ENGINE=InnoDB DEFAULT CHARSET=utf8;

--
-- Dumping data for table `chk_front_light`
--

INSERT INTO `chk_front_light` (`id`, `goods_id`, `goods_chk_front_light_id`, `goods_chk_status_id`) VALUES
(1, 0, 1, 1),
(2, 0, 2, 1),
(3, 21, 1, 1),
(4, 21, 2, 1),
(5, 22, 1, 1),
(6, 22, 2, 1),
(7, 23, 1, 1),
(8, 23, 2, 1),
(9, 24, 1, 1),
(10, 24, 2, 1),
(11, 25, 1, 1),
(12, 25, 2, 1),
(13, 26, 1, 1),
(14, 26, 2, 1),
(15, 27, 1, 1),
(16, 27, 2, 1),
(17, 28, 1, 1),
(18, 28, 2, 1),
(19, 40, 1, 1),
(20, 40, 2, 1),
(21, 41, 1, 1),
(22, 41, 2, 1),
(23, 41, 1, 1),
(24, 41, 2, 1),
(25, 41, 1, 1),
(26, 41, 2, 1),
(27, 41, 1, 1),
(28, 41, 2, 1),
(29, 41, 1, 1),
(30, 41, 2, 1),
(31, 41, 1, 1),
(32, 41, 2, 1),
(33, 41, 1, 1),
(34, 41, 2, 1),
(35, 41, 1, 1),
(36, 41, 2, 1),
(37, 41, 1, 1),
(38, 41, 2, 1),
(39, 41, 1, 1),
(40, 41, 2, 1),
(41, 44, 1, 1),
(42, 44, 2, 1),
(43, 45, 1, 1),
(44, 45, 2, 1),
(45, 45, 1, 1),
(46, 45, 2, 1),
(47, 44, 1, 1),
(48, 44, 2, 1),
(49, 44, 1, 1),
(50, 44, 2, 1),
(51, 44, 1, 1),
(52, 44, 2, 1),
(53, 44, 1, 1),
(54, 44, 2, 1),
(55, 44, 1, 1),
(56, 44, 2, 1),
(57, 44, 1, 1),
(58, 44, 2, 1),
(59, 44, 1, 1),
(60, 44, 2, 1),
(61, 44, 1, 1),
(62, 44, 2, 1),
(63, 44, 1, 1),
(64, 44, 2, 1),
(65, 44, 1, 1),
(66, 44, 2, 1),
(67, 44, 1, 1),
(68, 44, 2, 1),
(69, 44, 1, 1),
(70, 44, 2, 1),
(71, 44, 1, 1),
(72, 44, 2, 1),
(73, 44, 1, 1),
(74, 44, 2, 1),
(75, 44, 1, 1),
(76, 44, 2, 1),
(77, 44, 1, 1),
(78, 44, 2, 1),
(79, 44, 1, 1),
(80, 44, 2, 1),
(81, 44, 1, 1),
(82, 44, 2, 1),
(83, 44, 1, 1),
(84, 44, 2, 1),
(85, 44, 1, 1),
(86, 44, 2, 1),
(87, 40, 1, 1),
(88, 40, 2, 1);

-- --------------------------------------------------------

--
-- Table structure for table `chk_handbrake`
--

CREATE TABLE `chk_handbrake` (
  `goods_id` int(11) NOT NULL,
  `goods_chk_handbrake_id` int(11) NOT NULL,
  `goods_chk_status_id` int(11) NOT NULL,
  `id` int(11) NOT NULL
) ENGINE=InnoDB DEFAULT CHARSET=utf8;

--
-- Dumping data for table `chk_handbrake`
--

INSERT INTO `chk_handbrake` (`goods_id`, `goods_chk_handbrake_id`, `goods_chk_status_id`, `id`) VALUES
(44, 1, 1, 1),
(45, 1, 1, 2),
(45, 1, 1, 3),
(44, 1, 1, 4),
(44, 1, 1, 5),
(44, 1, 1, 6),
(44, 1, 1, 7),
(44, 1, 1, 8),
(44, 1, 1, 9),
(44, 1, 1, 10),
(44, 1, 1, 11),
(44, 1, 1, 12),
(44, 1, 1, 13),
(44, 1, 1, 14),
(44, 1, 1, 15),
(44, 1, 1, 16),
(44, 1, 1, 17),
(44, 1, 1, 18),
(44, 1, 1, 19),
(44, 1, 1, 20),
(44, 1, 1, 21),
(44, 1, 1, 22),
(44, 1, 1, 23);

-- --------------------------------------------------------

--
-- Table structure for table `chk_handrail`
--

CREATE TABLE `chk_handrail` (
  `id` int(11) NOT NULL,
  `goods_id` int(11) NOT NULL,
  `goods_chk_handrail_id` int(11) NOT NULL,
  `goods_chk_status_id` int(11) NOT NULL
) ENGINE=InnoDB DEFAULT CHARSET=utf8;

--
-- Dumping data for table `chk_handrail`
--

INSERT INTO `chk_handrail` (`id`, `goods_id`, `goods_chk_handrail_id`, `goods_chk_status_id`) VALUES
(1, 44, 1, 1),
(2, 44, 2, 1),
(3, 45, 1, 1),
(4, 45, 2, 1),
(5, 45, 1, 1),
(6, 45, 2, 1),
(7, 44, 1, 1),
(8, 44, 2, 1),
(9, 44, 1, 1),
(10, 44, 2, 1),
(11, 44, 1, 1),
(12, 44, 2, 1),
(13, 44, 1, 1),
(14, 44, 2, 1),
(15, 44, 1, 1),
(16, 44, 2, 1),
(17, 44, 1, 1),
(18, 44, 2, 1),
(19, 44, 1, 1),
(20, 44, 2, 1),
(21, 44, 1, 1),
(22, 44, 2, 1),
(23, 44, 1, 1),
(24, 44, 2, 1),
(25, 44, 1, 1),
(26, 44, 2, 1),
(27, 44, 1, 1),
(28, 44, 2, 1),
(29, 44, 1, 1),
(30, 44, 2, 1),
(31, 44, 1, 1),
(32, 44, 2, 1),
(33, 44, 1, 1),
(34, 44, 2, 1),
(35, 44, 1, 1),
(36, 44, 2, 1),
(37, 44, 1, 1),
(38, 44, 2, 1),
(39, 44, 1, 1),
(40, 44, 2, 1),
(41, 44, 1, 1),
(42, 44, 2, 1),
(43, 44, 1, 1),
(44, 44, 2, 1),
(45, 44, 1, 1),
(46, 44, 2, 1);

-- --------------------------------------------------------

--
-- Table structure for table `chk_instrument_panel`
--

CREATE TABLE `chk_instrument_panel` (
  `id` int(11) NOT NULL,
  `goods_id` int(11) NOT NULL,
  `goods_chk_instrument_panel_id` int(11) NOT NULL,
  `goods_chk_status_id` int(11) NOT NULL
) ENGINE=InnoDB DEFAULT CHARSET=utf8;

--
-- Dumping data for table `chk_instrument_panel`
--

INSERT INTO `chk_instrument_panel` (`id`, `goods_id`, `goods_chk_instrument_panel_id`, `goods_chk_status_id`) VALUES
(1, 44, 1, 1),
(2, 45, 1, 1),
(3, 45, 1, 1),
(4, 44, 1, 1),
(5, 44, 1, 1),
(6, 44, 1, 1),
(7, 44, 1, 1),
(8, 44, 1, 1),
(9, 44, 1, 1),
(10, 44, 1, 1),
(11, 44, 1, 1),
(12, 44, 1, 1),
(13, 44, 1, 1),
(14, 44, 1, 1),
(15, 44, 1, 1),
(16, 44, 1, 1),
(17, 44, 1, 1),
(18, 44, 1, 1),
(19, 44, 1, 1),
(20, 44, 1, 1),
(21, 44, 1, 1),
(22, 44, 1, 1),
(23, 44, 1, 1);

-- --------------------------------------------------------

--
-- Table structure for table `chk_lock_system`
--

CREATE TABLE `chk_lock_system` (
  `id` int(11) NOT NULL,
  `goods_id` int(11) NOT NULL,
  `goods_chk_lock_system_id` int(11) NOT NULL,
  `goods_chk_status_id` int(11) NOT NULL
) ENGINE=InnoDB DEFAULT CHARSET=utf8;

--
-- Dumping data for table `chk_lock_system`
--

INSERT INTO `chk_lock_system` (`id`, `goods_id`, `goods_chk_lock_system_id`, `goods_chk_status_id`) VALUES
(1, 44, 1, 1),
(2, 45, 1, 1),
(3, 45, 1, 1),
(4, 44, 1, 1),
(5, 44, 1, 1),
(6, 44, 1, 1),
(7, 44, 1, 1),
(8, 44, 1, 1),
(9, 44, 1, 1),
(10, 44, 1, 1),
(11, 44, 1, 1),
(12, 44, 1, 1),
(13, 44, 1, 1),
(14, 44, 1, 1),
(15, 44, 1, 1),
(16, 44, 1, 1),
(17, 44, 1, 1),
(18, 44, 1, 1),
(19, 44, 1, 1),
(20, 44, 1, 1),
(21, 44, 1, 1),
(22, 44, 1, 1),
(23, 44, 1, 1);

-- --------------------------------------------------------

--
-- Table structure for table `chk_multimedia_system`
--

CREATE TABLE `chk_multimedia_system` (
  `id` int(11) NOT NULL,
  `goods_id` int(11) NOT NULL,
  `goods_chk_multimedia_system_id` int(11) NOT NULL,
  `goods_chk_status_id` int(11) NOT NULL
) ENGINE=InnoDB DEFAULT CHARSET=utf8;

--
-- Dumping data for table `chk_multimedia_system`
--

INSERT INTO `chk_multimedia_system` (`id`, `goods_id`, `goods_chk_multimedia_system_id`, `goods_chk_status_id`) VALUES
(1, 44, 1, 1),
(2, 45, 1, 1),
(3, 45, 1, 1),
(4, 44, 1, 1),
(5, 44, 1, 1),
(6, 44, 1, 1),
(7, 44, 1, 1),
(8, 44, 1, 1),
(9, 44, 1, 1),
(10, 44, 1, 1),
(11, 44, 1, 1),
(12, 44, 1, 1),
(13, 44, 1, 1),
(14, 44, 1, 1),
(15, 44, 1, 1),
(16, 44, 1, 1),
(17, 44, 1, 1),
(18, 44, 1, 1),
(19, 44, 1, 1),
(20, 44, 1, 1),
(21, 44, 1, 1),
(22, 44, 1, 1),
(23, 44, 1, 1);

-- --------------------------------------------------------

--
-- Table structure for table `chk_outside`
--

CREATE TABLE `chk_outside` (
  `id` int(11) NOT NULL,
  `goods_id` int(11) NOT NULL,
  `goods_chk_outside_id` int(11) NOT NULL,
  `goods_chk_status_id` int(11) NOT NULL
) ENGINE=InnoDB DEFAULT CHARSET=utf8;

--
-- Dumping data for table `chk_outside`
--

INSERT INTO `chk_outside` (`id`, `goods_id`, `goods_chk_outside_id`, `goods_chk_status_id`) VALUES
(1, 0, 1, 1),
(2, 0, 2, 1),
(3, 0, 3, 1),
(4, 0, 4, 1),
(5, 21, 1, 1),
(6, 21, 2, 1),
(7, 21, 3, 1),
(8, 21, 4, 1),
(9, 22, 1, 1),
(10, 22, 2, 2),
(11, 22, 3, 1),
(12, 22, 4, 1),
(13, 23, 1, 1),
(14, 23, 2, 2),
(15, 23, 3, 1),
(16, 23, 4, 1),
(17, 24, 1, 1),
(18, 24, 2, 2),
(19, 24, 3, 1),
(20, 24, 4, 1),
(21, 25, 1, 1),
(22, 25, 2, 2),
(23, 25, 3, 1),
(24, 25, 4, 1),
(25, 26, 1, 1),
(26, 26, 2, 2),
(27, 26, 3, 1),
(28, 26, 4, 1),
(29, 27, 1, 1),
(30, 27, 2, 2),
(31, 27, 3, 1),
(32, 27, 4, 1),
(33, 28, 1, 1),
(34, 28, 2, 2),
(35, 28, 3, 1),
(36, 28, 4, 1),
(37, 40, 1, 1),
(38, 40, 2, 1),
(39, 40, 3, 1),
(40, 40, 4, 1),
(41, 41, 1, 1),
(42, 41, 2, 1),
(43, 41, 3, 1),
(44, 41, 4, 1),
(45, 41, 1, 1),
(46, 41, 2, 1),
(47, 41, 3, 1),
(48, 41, 4, 1),
(49, 41, 1, 1),
(50, 41, 2, 1),
(51, 41, 3, 1),
(52, 41, 4, 1),
(53, 41, 1, 1),
(54, 41, 2, 1),
(55, 41, 3, 1),
(56, 41, 4, 1),
(57, 41, 1, 1),
(58, 41, 2, 1),
(59, 41, 3, 1),
(60, 41, 4, 1),
(61, 41, 1, 1),
(62, 41, 2, 1),
(63, 41, 3, 1),
(64, 41, 4, 1),
(65, 41, 1, 1),
(66, 41, 2, 1),
(67, 41, 3, 1),
(68, 41, 4, 1),
(69, 41, 1, 1),
(70, 41, 2, 1),
(71, 41, 3, 1),
(72, 41, 4, 1),
(73, 41, 1, 1),
(74, 41, 2, 1),
(75, 41, 3, 1),
(76, 41, 4, 1),
(77, 41, 1, 1),
(78, 41, 2, 1),
(79, 41, 3, 1),
(80, 41, 4, 1),
(81, 44, 1, 1),
(82, 44, 2, 1),
(83, 44, 3, 1),
(84, 44, 4, 1),
(85, 45, 1, 1),
(86, 45, 2, 1),
(87, 45, 3, 1),
(88, 45, 4, 1),
(89, 45, 1, 1),
(90, 45, 2, 1),
(91, 45, 3, 1),
(92, 45, 4, 1),
(93, 44, 1, 1),
(94, 44, 2, 1),
(95, 44, 3, 1),
(96, 44, 4, 1),
(97, 44, 1, 1),
(98, 44, 2, 1),
(99, 44, 3, 1),
(100, 44, 4, 1),
(101, 44, 1, 1),
(102, 44, 2, 1),
(103, 44, 3, 1),
(104, 44, 4, 1),
(105, 44, 1, 1),
(106, 44, 2, 1),
(107, 44, 3, 1),
(108, 44, 4, 1),
(109, 44, 1, 1),
(110, 44, 2, 1),
(111, 44, 3, 1),
(112, 44, 4, 1),
(113, 44, 1, 1),
(114, 44, 2, 1),
(115, 44, 3, 1),
(116, 44, 4, 1),
(117, 44, 1, 1),
(118, 44, 2, 1),
(119, 44, 3, 1),
(120, 44, 4, 1),
(121, 44, 1, 1),
(122, 44, 2, 2),
(123, 44, 3, 1),
(124, 44, 4, 1),
(125, 44, 1, 1),
(126, 44, 2, 1),
(127, 44, 3, 1),
(128, 44, 4, 1),
(129, 44, 1, 1),
(130, 44, 2, 2),
(131, 44, 3, 1),
(132, 44, 4, 1),
(133, 44, 1, 1),
(134, 44, 2, 2),
(135, 44, 3, 1),
(136, 44, 4, 1),
(137, 44, 1, 1),
(138, 44, 2, 2),
(139, 44, 3, 1),
(140, 44, 4, 1),
(141, 44, 1, 1),
(142, 44, 2, 2),
(143, 44, 3, 1),
(144, 44, 4, 1),
(145, 44, 1, 1),
(146, 44, 2, 2),
(147, 44, 3, 1),
(148, 44, 4, 1),
(149, 44, 1, 1),
(150, 44, 2, 2),
(151, 44, 3, 1),
(152, 44, 4, 1),
(153, 44, 1, 1),
(154, 44, 2, 2),
(155, 44, 3, 1),
(156, 44, 4, 1),
(157, 44, 1, 1),
(158, 44, 2, 2),
(159, 44, 3, 1),
(160, 44, 4, 1),
(161, 44, 1, 1),
(162, 44, 2, 2),
(163, 44, 3, 1),
(164, 44, 4, 1),
(165, 44, 1, 1),
(166, 44, 2, 2),
(167, 44, 3, 1),
(168, 44, 4, 1),
(169, 44, 1, 1),
(170, 44, 2, 2),
(171, 44, 3, 1),
(172, 44, 4, 1),
(173, 40, 1, 1),
(174, 40, 2, 1),
(175, 40, 3, 1),
(176, 40, 4, 1);

-- --------------------------------------------------------

--
-- Table structure for table `chk_powertrain`
--

CREATE TABLE `chk_powertrain` (
  `id` int(11) NOT NULL,
  `goods_id` int(11) NOT NULL,
  `goods_chk_powertrain_id` int(11) NOT NULL,
  `goods_chk_status_id` int(11) NOT NULL
) ENGINE=InnoDB DEFAULT CHARSET=utf8;

--
-- Dumping data for table `chk_powertrain`
--

INSERT INTO `chk_powertrain` (`id`, `goods_id`, `goods_chk_powertrain_id`, `goods_chk_status_id`) VALUES
(1, 44, 1, 1),
(2, 44, 2, 1),
(3, 44, 3, 1),
(4, 44, 4, 1),
(5, 44, 5, 1),
(6, 45, 1, 1),
(7, 45, 2, 1),
(8, 45, 3, 1),
(9, 45, 4, 1),
(10, 45, 5, 1),
(11, 45, 1, 1),
(12, 45, 2, 1),
(13, 45, 3, 1),
(14, 45, 4, 2),
(15, 45, 5, 1),
(16, 44, 1, 1),
(17, 44, 2, 1),
(18, 44, 3, 1),
(19, 44, 4, 1),
(20, 44, 5, 1),
(21, 44, 1, 1),
(22, 44, 2, 1),
(23, 44, 3, 1),
(24, 44, 4, 1),
(25, 44, 5, 1),
(26, 44, 1, 1),
(27, 44, 2, 1),
(28, 44, 3, 1),
(29, 44, 4, 1),
(30, 44, 5, 1),
(31, 44, 1, 1),
(32, 44, 2, 1),
(33, 44, 3, 1),
(34, 44, 4, 1),
(35, 44, 5, 1),
(36, 44, 1, 1),
(37, 44, 2, 1),
(38, 44, 3, 1),
(39, 44, 4, 1),
(40, 44, 5, 1),
(41, 44, 1, 1),
(42, 44, 2, 1),
(43, 44, 3, 1),
(44, 44, 4, 1),
(45, 44, 5, 1),
(46, 44, 1, 1),
(47, 44, 2, 1),
(48, 44, 3, 1),
(49, 44, 4, 1),
(50, 44, 5, 1),
(51, 44, 1, 1),
(52, 44, 2, 1),
(53, 44, 3, 1),
(54, 44, 4, 1),
(55, 44, 5, 1),
(56, 44, 1, 1),
(57, 44, 2, 1),
(58, 44, 3, 1),
(59, 44, 4, 1),
(60, 44, 5, 1),
(61, 44, 1, 1),
(62, 44, 2, 1),
(63, 44, 3, 1),
(64, 44, 4, 1),
(65, 44, 5, 1),
(66, 44, 1, 1),
(67, 44, 2, 1),
(68, 44, 3, 1),
(69, 44, 4, 1),
(70, 44, 5, 1),
(71, 44, 1, 1),
(72, 44, 2, 1),
(73, 44, 3, 1),
(74, 44, 4, 1),
(75, 44, 5, 1),
(76, 44, 1, 1),
(77, 44, 2, 1),
(78, 44, 3, 1),
(79, 44, 4, 1),
(80, 44, 5, 1),
(81, 44, 1, 1),
(82, 44, 2, 1),
(83, 44, 3, 1),
(84, 44, 4, 1),
(85, 44, 5, 1),
(86, 44, 1, 1),
(87, 44, 2, 1),
(88, 44, 3, 1),
(89, 44, 4, 1),
(90, 44, 5, 1),
(91, 44, 1, 1),
(92, 44, 2, 1),
(93, 44, 3, 1),
(94, 44, 4, 1),
(95, 44, 5, 1),
(96, 44, 1, 1),
(97, 44, 2, 1),
(98, 44, 3, 1),
(99, 44, 4, 1),
(100, 44, 5, 1),
(101, 44, 1, 1),
(102, 44, 2, 1),
(103, 44, 3, 1),
(104, 44, 4, 1),
(105, 44, 5, 1),
(106, 44, 1, 1),
(107, 44, 2, 1),
(108, 44, 3, 1),
(109, 44, 4, 1),
(110, 44, 5, 1),
(111, 44, 1, 1),
(112, 44, 2, 1),
(113, 44, 3, 1),
(114, 44, 4, 1),
(115, 44, 5, 1);

-- --------------------------------------------------------

--
-- Table structure for table `chk_rear_fender`
--

CREATE TABLE `chk_rear_fender` (
  `id` int(11) NOT NULL,
  `goods_id` int(11) NOT NULL,
  `goods_chk_rear_fender_id` int(11) NOT NULL,
  `goods_chk_status_id` int(11) NOT NULL
) ENGINE=InnoDB DEFAULT CHARSET=utf8;

--
-- Dumping data for table `chk_rear_fender`
--

INSERT INTO `chk_rear_fender` (`id`, `goods_id`, `goods_chk_rear_fender_id`, `goods_chk_status_id`) VALUES
(1, 44, 1, 1),
(2, 44, 2, 1),
(3, 45, 1, 1),
(4, 45, 2, 1),
(5, 45, 1, 1),
(6, 45, 2, 1),
(7, 44, 1, 1),
(8, 44, 2, 1),
(9, 44, 1, 1),
(10, 44, 2, 1),
(11, 44, 1, 1),
(12, 44, 2, 1),
(13, 44, 1, 1),
(14, 44, 2, 1),
(15, 44, 1, 1),
(16, 44, 2, 1),
(17, 44, 1, 1),
(18, 44, 2, 1),
(19, 44, 1, 1),
(20, 44, 2, 1),
(21, 44, 1, 1),
(22, 44, 2, 1),
(23, 44, 1, 1),
(24, 44, 2, 1),
(25, 44, 1, 1),
(26, 44, 2, 1),
(27, 44, 1, 1),
(28, 44, 2, 1),
(29, 44, 1, 1),
(30, 44, 2, 1),
(31, 44, 1, 1),
(32, 44, 2, 1),
(33, 44, 1, 1),
(34, 44, 2, 1),
(35, 44, 1, 1),
(36, 44, 2, 1),
(37, 44, 1, 1),
(38, 44, 2, 1),
(39, 44, 1, 1),
(40, 44, 2, 1),
(41, 44, 1, 1),
(42, 44, 2, 1),
(43, 44, 1, 1),
(44, 44, 2, 1),
(45, 44, 1, 1),
(46, 44, 2, 1);

-- --------------------------------------------------------

--
-- Table structure for table `chk_ruby_bumper`
--

CREATE TABLE `chk_ruby_bumper` (
  `id` int(11) NOT NULL,
  `goods_id` int(11) NOT NULL,
  `goods_chk_ruby_bumper_id` int(11) NOT NULL,
  `goods_chk_status_id` int(11) NOT NULL
) ENGINE=InnoDB DEFAULT CHARSET=utf8;

--
-- Dumping data for table `chk_ruby_bumper`
--

INSERT INTO `chk_ruby_bumper` (`id`, `goods_id`, `goods_chk_ruby_bumper_id`, `goods_chk_status_id`) VALUES
(1, 0, 1, 1),
(2, 0, 2, 1),
(3, 0, 3, 1),
(4, 21, 1, 1),
(5, 21, 2, 1),
(6, 21, 3, 1),
(7, 22, 1, 1),
(8, 22, 2, 1),
(9, 22, 3, 1),
(10, 23, 1, 1),
(11, 23, 2, 1),
(12, 23, 3, 1),
(13, 24, 1, 1),
(14, 24, 2, 1),
(15, 24, 3, 1),
(16, 25, 1, 1),
(17, 25, 2, 1),
(18, 25, 3, 1),
(19, 26, 1, 1),
(20, 26, 2, 1),
(21, 26, 3, 1),
(22, 27, 1, 1),
(23, 27, 2, 1),
(24, 27, 3, 1),
(25, 28, 1, 1),
(26, 28, 2, 1),
(27, 28, 3, 1),
(28, 40, 1, 1),
(29, 40, 2, 1),
(30, 40, 3, 1),
(31, 41, 1, 1),
(32, 41, 2, 1),
(33, 41, 3, 1),
(34, 41, 1, 1),
(35, 41, 2, 1),
(36, 41, 3, 1),
(37, 41, 1, 1),
(38, 41, 2, 1),
(39, 41, 3, 1),
(40, 41, 1, 1),
(41, 41, 2, 1),
(42, 41, 3, 1),
(43, 41, 1, 1),
(44, 41, 2, 1),
(45, 41, 3, 1),
(46, 41, 1, 1),
(47, 41, 2, 1),
(48, 41, 3, 1),
(49, 41, 1, 1),
(50, 41, 2, 1),
(51, 41, 3, 1),
(52, 41, 1, 1),
(53, 41, 2, 1),
(54, 41, 3, 1),
(55, 41, 1, 1),
(56, 41, 2, 1),
(57, 41, 3, 1),
(58, 41, 1, 1),
(59, 41, 2, 1),
(60, 41, 3, 1),
(61, 44, 1, 1),
(62, 44, 2, 1),
(63, 44, 3, 1),
(64, 45, 1, 1),
(65, 45, 2, 1),
(66, 45, 3, 1),
(67, 45, 1, 1),
(68, 45, 2, 1),
(69, 45, 3, 1),
(70, 44, 1, 1),
(71, 44, 2, 1),
(72, 44, 3, 1),
(73, 44, 1, 1),
(74, 44, 2, 1),
(75, 44, 3, 1),
(76, 44, 1, 1),
(77, 44, 2, 1),
(78, 44, 3, 1),
(79, 44, 1, 1),
(80, 44, 2, 1),
(81, 44, 3, 1),
(82, 44, 1, 1),
(83, 44, 2, 1),
(84, 44, 3, 1),
(85, 44, 1, 1),
(86, 44, 2, 1),
(87, 44, 3, 1),
(88, 44, 1, 1),
(89, 44, 2, 1),
(90, 44, 3, 1),
(91, 44, 1, 1),
(92, 44, 2, 1),
(93, 44, 3, 1),
(94, 44, 1, 1),
(95, 44, 2, 1),
(96, 44, 3, 1),
(97, 44, 1, 1),
(98, 44, 2, 1),
(99, 44, 3, 1),
(100, 44, 1, 1),
(101, 44, 2, 1),
(102, 44, 3, 1),
(103, 44, 1, 1),
(104, 44, 2, 1),
(105, 44, 3, 1),
(106, 44, 1, 1),
(107, 44, 2, 1),
(108, 44, 3, 1),
(109, 44, 1, 1),
(110, 44, 2, 1),
(111, 44, 3, 1),
(112, 44, 1, 1),
(113, 44, 2, 1),
(114, 44, 3, 1),
(115, 44, 1, 1),
(116, 44, 2, 1),
(117, 44, 3, 1),
(118, 44, 1, 1),
(119, 44, 2, 1),
(120, 44, 3, 1),
(121, 44, 1, 1),
(122, 44, 2, 1),
(123, 44, 3, 1),
(124, 44, 1, 1),
(125, 44, 2, 1),
(126, 44, 3, 1),
(127, 44, 1, 1),
(128, 44, 2, 1),
(129, 44, 3, 1),
(130, 40, 1, 1),
(131, 40, 2, 1),
(132, 40, 3, 1);

-- --------------------------------------------------------

--
-- Table structure for table `chk_seat`
--

CREATE TABLE `chk_seat` (
  `id` int(11) NOT NULL,
  `goods_id` int(11) NOT NULL,
  `goods_chk_seat_id` int(11) NOT NULL,
  `goods_chk_status_id` int(11) NOT NULL
) ENGINE=InnoDB DEFAULT CHARSET=utf8;

--
-- Dumping data for table `chk_seat`
--

INSERT INTO `chk_seat` (`id`, `goods_id`, `goods_chk_seat_id`, `goods_chk_status_id`) VALUES
(1, 44, 1, 1),
(2, 44, 2, 1),
(3, 44, 3, 1),
(4, 44, 4, 1),
(5, 45, 1, 1),
(6, 45, 2, 1),
(7, 45, 3, 1),
(8, 45, 4, 1),
(9, 45, 1, 1),
(10, 45, 2, 1),
(11, 45, 3, 1),
(12, 45, 4, 1),
(13, 44, 1, 1),
(14, 44, 2, 1),
(15, 44, 3, 1),
(16, 44, 4, 1),
(17, 44, 1, 1),
(18, 44, 2, 1),
(19, 44, 3, 1),
(20, 44, 4, 1),
(21, 44, 1, 1),
(22, 44, 2, 1),
(23, 44, 3, 1),
(24, 44, 4, 1),
(25, 44, 1, 1),
(26, 44, 2, 1),
(27, 44, 3, 1),
(28, 44, 4, 1),
(29, 44, 1, 1),
(30, 44, 2, 1),
(31, 44, 3, 1),
(32, 44, 4, 1),
(33, 44, 1, 1),
(34, 44, 2, 1),
(35, 44, 3, 1),
(36, 44, 4, 1),
(37, 44, 1, 1),
(38, 44, 2, 1),
(39, 44, 3, 1),
(40, 44, 4, 1),
(41, 44, 1, 1),
(42, 44, 2, 1),
(43, 44, 3, 1),
(44, 44, 4, 1),
(45, 44, 1, 1),
(46, 44, 2, 1),
(47, 44, 3, 1),
(48, 44, 4, 1),
(49, 44, 1, 1),
(50, 44, 2, 1),
(51, 44, 3, 1),
(52, 44, 4, 1),
(53, 44, 1, 1),
(54, 44, 2, 1),
(55, 44, 3, 1),
(56, 44, 4, 1),
(57, 44, 1, 1),
(58, 44, 2, 1),
(59, 44, 3, 1),
(60, 44, 4, 1),
(61, 44, 1, 1),
(62, 44, 2, 1),
(63, 44, 3, 1),
(64, 44, 4, 1),
(65, 44, 1, 1),
(66, 44, 2, 1),
(67, 44, 3, 1),
(68, 44, 4, 1),
(69, 44, 1, 1),
(70, 44, 2, 1),
(71, 44, 3, 1),
(72, 44, 4, 1),
(73, 44, 1, 1),
(74, 44, 2, 1),
(75, 44, 3, 1),
(76, 44, 4, 1),
(77, 44, 1, 1),
(78, 44, 2, 1),
(79, 44, 3, 1),
(80, 44, 4, 1),
(81, 44, 1, 1),
(82, 44, 2, 1),
(83, 44, 3, 1),
(84, 44, 4, 1),
(85, 44, 1, 1),
(86, 44, 2, 1),
(87, 44, 3, 1),
(88, 44, 4, 1),
(89, 44, 1, 1),
(90, 44, 2, 1),
(91, 44, 3, 1),
(92, 44, 4, 1);

-- --------------------------------------------------------

--
-- Table structure for table `chk_shock_absorber`
--

CREATE TABLE `chk_shock_absorber` (
  `id` int(11) NOT NULL,
  `goods_id` int(11) NOT NULL,
  `goods_chk_shock_absorber_id` int(11) NOT NULL,
  `goods_chk_status_id` int(11) NOT NULL
) ENGINE=InnoDB DEFAULT CHARSET=utf8;

--
-- Dumping data for table `chk_shock_absorber`
--

INSERT INTO `chk_shock_absorber` (`id`, `goods_id`, `goods_chk_shock_absorber_id`, `goods_chk_status_id`) VALUES
(1, 44, 1, 1),
(2, 44, 2, 1),
(3, 45, 1, 1),
(4, 45, 2, 1),
(5, 45, 1, 1),
(6, 45, 2, 1),
(7, 44, 1, 1),
(8, 44, 2, 1),
(9, 44, 1, 2),
(10, 44, 2, 1),
(11, 44, 1, 1),
(12, 44, 2, 1),
(13, 44, 1, 1),
(14, 44, 2, 1),
(15, 44, 1, 1),
(16, 44, 2, 1),
(17, 44, 1, 1),
(18, 44, 2, 1),
(19, 44, 1, 1),
(20, 44, 2, 1),
(21, 44, 1, 1),
(22, 44, 2, 1),
(23, 44, 1, 1),
(24, 44, 2, 1),
(25, 44, 1, 1),
(26, 44, 2, 1),
(27, 44, 1, 1),
(28, 44, 2, 1),
(29, 44, 1, 1),
(30, 44, 2, 1),
(31, 44, 1, 1),
(32, 44, 2, 1),
(33, 44, 1, 1),
(34, 44, 2, 1),
(35, 44, 1, 1),
(36, 44, 2, 1),
(37, 44, 1, 1),
(38, 44, 2, 1),
(39, 44, 1, 1),
(40, 44, 2, 1),
(41, 44, 1, 1),
(42, 44, 2, 1),
(43, 44, 1, 1),
(44, 44, 2, 1),
(45, 44, 1, 1),
(46, 44, 2, 1);

-- --------------------------------------------------------

--
-- Table structure for table `chk_side_mirror`
--

CREATE TABLE `chk_side_mirror` (
  `id` int(11) NOT NULL,
  `goods_id` int(11) NOT NULL,
  `goods_chk_side_mirror_id` int(11) NOT NULL,
  `goods_chk_status_id` int(11) NOT NULL
) ENGINE=InnoDB DEFAULT CHARSET=utf8;

--
-- Dumping data for table `chk_side_mirror`
--

INSERT INTO `chk_side_mirror` (`id`, `goods_id`, `goods_chk_side_mirror_id`, `goods_chk_status_id`) VALUES
(1, 44, 1, 1),
(2, 44, 2, 1),
(3, 45, 1, 1),
(4, 45, 2, 1),
(5, 45, 1, 1),
(6, 45, 2, 1),
(7, 44, 1, 1),
(8, 44, 2, 1),
(9, 44, 1, 1),
(10, 44, 2, 1),
(11, 44, 1, 1),
(12, 44, 2, 1),
(13, 44, 1, 1),
(14, 44, 2, 1),
(15, 44, 1, 1),
(16, 44, 2, 1),
(17, 44, 1, 1),
(18, 44, 2, 1),
(19, 44, 1, 1),
(20, 44, 2, 1),
(21, 44, 1, 1),
(22, 44, 2, 1),
(23, 44, 1, 1),
(24, 44, 2, 1),
(25, 44, 1, 1),
(26, 44, 2, 1),
(27, 44, 1, 1),
(28, 44, 2, 1),
(29, 44, 1, 1),
(30, 44, 2, 1),
(31, 44, 1, 1),
(32, 44, 2, 1),
(33, 44, 1, 1),
(34, 44, 2, 1),
(35, 44, 1, 1),
(36, 44, 2, 1),
(37, 44, 1, 1),
(38, 44, 2, 1),
(39, 44, 1, 1),
(40, 44, 2, 1),
(41, 44, 1, 1),
(42, 44, 2, 1),
(43, 44, 1, 1),
(44, 44, 2, 1),
(45, 44, 1, 1),
(46, 44, 2, 1);

-- --------------------------------------------------------

--
-- Table structure for table `chk_spec`
--

CREATE TABLE `chk_spec` (
  `id` int(11) NOT NULL,
  `goods_id` int(11) NOT NULL,
  `chk_spec_id` int(11) NOT NULL,
  `chk_spec_status` int(1) NOT NULL
) ENGINE=InnoDB DEFAULT CHARSET=utf8;

--
-- Dumping data for table `chk_spec`
--

INSERT INTO `chk_spec` (`id`, `goods_id`, `chk_spec_id`, `chk_spec_status`) VALUES
(1, 0, 1, 2),
(2, 20, 0, 1),
(3, 20, 1, 1),
(4, 20, 2, 1),
(5, 20, 3, 1),
(6, 20, 4, 1),
(7, 20, 5, 1),
(8, 20, 6, 1),
(9, 20, 7, 1),
(10, 20, 8, 1),
(11, 20, 9, 1),
(12, 20, 10, 1),
(13, 20, 11, 1),
(14, 20, 12, 1),
(15, 20, 13, 1),
(16, 20, 14, 1),
(17, 20, 15, 1),
(18, 20, 16, 1),
(19, 20, 17, 1),
(20, 20, 18, 1),
(21, 20, 19, 1),
(22, 20, 20, 2),
(23, 20, 21, 2),
(24, 20, 22, 2),
(25, 20, 23, 2),
(26, 20, 24, 2),
(27, 20, 25, 2),
(28, 20, 26, 2),
(29, 20, 27, 2),
(30, 20, 28, 2),
(31, 20, 29, 2),
(32, 20, 30, 2),
(33, 20, 31, 2),
(34, 20, 32, 2),
(35, 20, 33, 2),
(36, 20, 34, 2),
(37, 20, 35, 2),
(38, 20, 36, 2),
(39, 20, 37, 2),
(40, 20, 38, 2),
(41, 20, 39, 2),
(42, 21, 0, 1),
(43, 21, 1, 1),
(44, 21, 2, 1),
(45, 21, 3, 1),
(46, 21, 4, 1),
(47, 21, 5, 1),
(48, 21, 6, 1),
(49, 21, 7, 1),
(50, 21, 8, 1),
(51, 21, 9, 1),
(52, 21, 10, 1),
(53, 21, 11, 1),
(54, 21, 12, 1),
(55, 21, 13, 1),
(56, 21, 14, 1),
(57, 21, 15, 1),
(58, 21, 16, 1),
(59, 21, 17, 1),
(60, 21, 18, 1),
(61, 21, 19, 1),
(62, 21, 20, 2),
(63, 21, 21, 2),
(64, 21, 22, 2),
(65, 21, 23, 2),
(66, 21, 24, 2),
(67, 21, 25, 2),
(68, 21, 26, 2),
(69, 21, 27, 2),
(70, 21, 28, 2),
(71, 21, 29, 2),
(72, 21, 30, 2),
(73, 21, 31, 2),
(74, 21, 32, 2),
(75, 21, 33, 2),
(76, 21, 34, 2),
(77, 21, 35, 2),
(78, 21, 36, 2),
(79, 21, 37, 2),
(80, 21, 38, 2),
(81, 21, 39, 2),
(82, 22, 0, 1),
(83, 22, 1, 1),
(84, 22, 2, 1),
(85, 22, 3, 1),
(86, 22, 4, 1),
(87, 22, 5, 1),
(88, 22, 6, 1),
(89, 22, 7, 1),
(90, 22, 8, 1),
(91, 22, 9, 1),
(92, 22, 10, 1),
(93, 22, 11, 1),
(94, 22, 12, 1),
(95, 22, 13, 1),
(96, 22, 14, 1),
(97, 22, 15, 1),
(98, 22, 16, 1),
(99, 22, 17, 1),
(100, 22, 18, 1),
(101, 22, 19, 1),
(102, 22, 20, 2),
(103, 22, 21, 2),
(104, 22, 22, 2),
(105, 22, 23, 2),
(106, 22, 24, 2),
(107, 22, 25, 2),
(108, 22, 26, 2),
(109, 22, 27, 2),
(110, 22, 28, 2),
(111, 22, 29, 2),
(112, 22, 30, 2),
(113, 22, 31, 2),
(114, 22, 32, 2),
(115, 22, 33, 2),
(116, 22, 34, 2),
(117, 22, 35, 2),
(118, 22, 36, 2),
(119, 22, 37, 2),
(120, 22, 38, 2),
(121, 22, 39, 2),
(122, 23, 0, 1),
(123, 23, 1, 1),
(124, 23, 2, 1),
(125, 23, 3, 1),
(126, 23, 4, 1),
(127, 23, 5, 1),
(128, 23, 6, 1),
(129, 23, 7, 1),
(130, 23, 8, 1),
(131, 23, 9, 1),
(132, 23, 10, 1),
(133, 23, 11, 1),
(134, 23, 12, 1),
(135, 23, 13, 1),
(136, 23, 14, 1),
(137, 23, 15, 1),
(138, 23, 16, 1),
(139, 23, 17, 1),
(140, 23, 18, 1),
(141, 23, 19, 1),
(142, 23, 20, 2),
(143, 23, 21, 2),
(144, 23, 22, 2),
(145, 23, 23, 2),
(146, 23, 24, 2),
(147, 23, 25, 2),
(148, 23, 26, 2),
(149, 23, 27, 2),
(150, 23, 28, 2),
(151, 23, 29, 2),
(152, 23, 30, 2),
(153, 23, 31, 2),
(154, 23, 32, 2),
(155, 23, 33, 2),
(156, 23, 34, 2),
(157, 23, 35, 2),
(158, 23, 36, 2),
(159, 23, 37, 2),
(160, 23, 38, 2),
(161, 23, 39, 2),
(162, 24, 0, 1),
(163, 24, 1, 1),
(164, 24, 2, 1),
(165, 24, 3, 1),
(166, 24, 4, 1),
(167, 24, 5, 1),
(168, 24, 6, 1),
(169, 24, 7, 1),
(170, 24, 8, 1),
(171, 24, 9, 1),
(172, 24, 10, 1),
(173, 24, 11, 1),
(174, 24, 12, 1),
(175, 24, 13, 1),
(176, 24, 14, 1),
(177, 24, 15, 1),
(178, 24, 16, 1),
(179, 24, 17, 1),
(180, 24, 18, 1),
(181, 24, 19, 1),
(182, 24, 20, 2),
(183, 24, 21, 2),
(184, 24, 22, 2),
(185, 24, 23, 2),
(186, 24, 24, 2),
(187, 24, 25, 2),
(188, 24, 26, 2),
(189, 24, 27, 2),
(190, 24, 28, 2),
(191, 24, 29, 2),
(192, 24, 30, 2),
(193, 24, 31, 2),
(194, 24, 32, 2),
(195, 24, 33, 2),
(196, 24, 34, 2),
(197, 24, 35, 2),
(198, 24, 36, 2),
(199, 24, 37, 2),
(200, 24, 38, 2),
(201, 24, 39, 2),
(202, 25, 0, 1),
(203, 25, 1, 1),
(204, 25, 2, 1),
(205, 25, 3, 1),
(206, 25, 4, 1),
(207, 25, 5, 1),
(208, 25, 6, 1),
(209, 25, 7, 1),
(210, 25, 8, 1),
(211, 25, 9, 1),
(212, 25, 10, 1),
(213, 25, 11, 1),
(214, 25, 12, 1),
(215, 25, 13, 1),
(216, 25, 14, 1),
(217, 25, 15, 1),
(218, 25, 16, 1),
(219, 25, 17, 1),
(220, 25, 18, 1),
(221, 25, 19, 1),
(222, 25, 20, 2),
(223, 25, 21, 2),
(224, 25, 22, 2),
(225, 25, 23, 2),
(226, 25, 24, 2),
(227, 25, 25, 2),
(228, 25, 26, 2),
(229, 25, 27, 2),
(230, 25, 28, 2),
(231, 25, 29, 2),
(232, 25, 30, 2),
(233, 25, 31, 2),
(234, 25, 32, 2),
(235, 25, 33, 2),
(236, 25, 34, 2),
(237, 25, 35, 2),
(238, 25, 36, 2),
(239, 25, 37, 2),
(240, 25, 38, 2),
(241, 25, 39, 2),
(242, 26, 0, 1),
(243, 26, 1, 1),
(244, 26, 2, 1),
(245, 26, 3, 1),
(246, 26, 4, 1),
(247, 26, 5, 1),
(248, 26, 6, 1),
(249, 26, 7, 1),
(250, 26, 8, 1),
(251, 26, 9, 1),
(252, 26, 10, 1),
(253, 26, 11, 1),
(254, 26, 12, 1),
(255, 26, 13, 1),
(256, 26, 14, 1),
(257, 26, 15, 1),
(258, 26, 16, 1),
(259, 26, 17, 1),
(260, 26, 18, 1),
(261, 26, 19, 1),
(262, 26, 20, 2),
(263, 26, 21, 2),
(264, 26, 22, 2),
(265, 26, 23, 2),
(266, 26, 24, 2),
(267, 26, 25, 2),
(268, 26, 26, 2),
(269, 26, 27, 2),
(270, 26, 28, 2),
(271, 26, 29, 2),
(272, 26, 30, 2),
(273, 26, 31, 2),
(274, 26, 32, 2),
(275, 26, 33, 2),
(276, 26, 34, 2),
(277, 26, 35, 2),
(278, 26, 36, 2),
(279, 26, 37, 2),
(280, 26, 38, 2),
(281, 26, 39, 2),
(282, 27, 0, 1),
(283, 27, 1, 1),
(284, 27, 2, 1),
(285, 27, 3, 1),
(286, 27, 4, 1),
(287, 27, 5, 1),
(288, 27, 6, 1),
(289, 27, 7, 1),
(290, 27, 8, 1),
(291, 27, 9, 1),
(292, 27, 10, 1),
(293, 27, 11, 1),
(294, 27, 12, 1),
(295, 27, 13, 1),
(296, 27, 14, 1),
(297, 27, 15, 1),
(298, 27, 16, 1),
(299, 27, 17, 1),
(300, 27, 18, 1),
(301, 27, 19, 1),
(302, 27, 20, 2),
(303, 27, 21, 2),
(304, 27, 22, 2),
(305, 27, 23, 2),
(306, 27, 24, 2),
(307, 27, 25, 2),
(308, 27, 26, 2),
(309, 27, 27, 2),
(310, 27, 28, 2),
(311, 27, 29, 2),
(312, 27, 30, 2),
(313, 27, 31, 2),
(314, 27, 32, 2),
(315, 27, 33, 2),
(316, 27, 34, 2),
(317, 27, 35, 2),
(318, 27, 36, 2),
(319, 27, 37, 2),
(320, 27, 38, 2),
(321, 27, 39, 2),
(322, 28, 0, 1),
(323, 28, 1, 1),
(324, 28, 2, 1),
(325, 28, 3, 1),
(326, 28, 4, 1),
(327, 28, 5, 1),
(328, 28, 6, 1),
(329, 28, 7, 1),
(330, 28, 8, 1),
(331, 28, 9, 1),
(332, 28, 10, 1),
(333, 28, 11, 1),
(334, 28, 12, 1),
(335, 28, 13, 1),
(336, 28, 14, 1),
(337, 28, 15, 1),
(338, 28, 16, 1),
(339, 28, 17, 1),
(340, 28, 18, 1),
(341, 28, 19, 1),
(342, 28, 20, 2),
(343, 28, 21, 2),
(344, 28, 22, 2),
(345, 28, 23, 2),
(346, 28, 24, 2),
(347, 28, 25, 2),
(348, 28, 26, 2),
(349, 28, 27, 2),
(350, 28, 28, 2),
(351, 28, 29, 2),
(352, 28, 30, 2),
(353, 28, 31, 2),
(354, 28, 32, 2),
(355, 28, 33, 2),
(356, 28, 34, 2),
(357, 28, 35, 2),
(358, 28, 36, 2),
(359, 28, 37, 2),
(360, 28, 38, 2),
(361, 28, 39, 2),
(362, 40, 0, 1),
(363, 40, 1, 1),
(364, 40, 2, 1),
(365, 40, 3, 1),
(366, 40, 4, 1),
(367, 40, 5, 1),
(368, 40, 6, 1),
(369, 40, 7, 1),
(370, 40, 8, 1),
(371, 40, 9, 1),
(372, 40, 10, 1),
(373, 40, 11, 1),
(374, 40, 12, 1),
(375, 40, 13, 1),
(376, 40, 14, 1),
(377, 40, 15, 1),
(378, 40, 16, 1),
(379, 40, 17, 1),
(380, 40, 18, 1),
(381, 40, 19, 1),
(382, 40, 20, 2),
(383, 40, 21, 2),
(384, 40, 22, 2),
(385, 40, 23, 2),
(386, 40, 24, 2),
(387, 40, 25, 2),
(388, 40, 26, 2),
(389, 40, 27, 2),
(390, 40, 28, 2),
(391, 40, 29, 2),
(392, 40, 30, 2),
(393, 40, 31, 2),
(394, 40, 32, 2),
(395, 40, 33, 2),
(396, 40, 34, 2),
(397, 40, 35, 2),
(398, 40, 36, 2),
(399, 40, 37, 2),
(400, 40, 38, 2),
(401, 40, 39, 2),
(402, 41, 0, 1),
(403, 41, 1, 1),
(404, 41, 2, 1),
(405, 41, 3, 1),
(406, 41, 4, 1),
(407, 41, 5, 1),
(408, 41, 6, 1),
(409, 41, 7, 1),
(410, 41, 8, 1),
(411, 41, 9, 1),
(412, 41, 10, 1),
(413, 41, 11, 1),
(414, 41, 12, 1),
(415, 41, 13, 1),
(416, 41, 14, 1),
(417, 41, 15, 1),
(418, 41, 16, 1),
(419, 41, 17, 1),
(420, 41, 18, 1),
(421, 41, 19, 1),
(422, 41, 20, 2),
(423, 41, 21, 2),
(424, 41, 22, 2),
(425, 41, 23, 2),
(426, 41, 24, 2),
(427, 41, 25, 2),
(428, 41, 26, 2),
(429, 41, 27, 2),
(430, 41, 28, 2),
(431, 41, 29, 2),
(432, 41, 30, 2),
(433, 41, 31, 2),
(434, 41, 32, 2),
(435, 41, 33, 2),
(436, 41, 34, 2),
(437, 41, 35, 2),
(438, 41, 36, 2),
(439, 41, 37, 2),
(440, 41, 38, 2),
(441, 41, 39, 2),
(442, 41, 0, 1),
(443, 41, 1, 1),
(444, 41, 2, 1),
(445, 41, 3, 1),
(446, 41, 4, 1),
(447, 41, 5, 1),
(448, 41, 6, 1),
(449, 41, 7, 1),
(450, 41, 8, 1),
(451, 41, 9, 1),
(452, 41, 10, 1),
(453, 41, 11, 1),
(454, 41, 12, 1),
(455, 41, 13, 1),
(456, 41, 14, 1),
(457, 41, 15, 1),
(458, 41, 16, 1),
(459, 41, 17, 1),
(460, 41, 18, 1),
(461, 41, 19, 1),
(462, 41, 20, 2),
(463, 41, 21, 2),
(464, 41, 22, 2),
(465, 41, 23, 2),
(466, 41, 24, 2),
(467, 41, 25, 2),
(468, 41, 26, 2),
(469, 41, 27, 2),
(470, 41, 28, 2),
(471, 41, 29, 2),
(472, 41, 30, 2),
(473, 41, 31, 2),
(474, 41, 32, 2),
(475, 41, 33, 2),
(476, 41, 34, 2),
(477, 41, 35, 2),
(478, 41, 36, 2),
(479, 41, 37, 2),
(480, 41, 38, 2),
(481, 41, 39, 2),
(482, 41, 0, 1),
(483, 41, 1, 1),
(484, 41, 2, 1),
(485, 41, 3, 1),
(486, 41, 4, 1),
(487, 41, 5, 1),
(488, 41, 6, 1),
(489, 41, 7, 1),
(490, 41, 8, 1),
(491, 41, 9, 1),
(492, 41, 10, 1),
(493, 41, 11, 1),
(494, 41, 12, 1),
(495, 41, 13, 1),
(496, 41, 14, 1),
(497, 41, 15, 1),
(498, 41, 16, 1),
(499, 41, 17, 1),
(500, 41, 18, 1),
(501, 41, 19, 1),
(502, 41, 20, 2),
(503, 41, 21, 2),
(504, 41, 22, 2),
(505, 41, 23, 2),
(506, 41, 24, 2),
(507, 41, 25, 2),
(508, 41, 26, 2),
(509, 41, 27, 2),
(510, 41, 28, 2),
(511, 41, 29, 2),
(512, 41, 30, 2),
(513, 41, 31, 2),
(514, 41, 32, 2),
(515, 41, 33, 2),
(516, 41, 34, 2),
(517, 41, 35, 2),
(518, 41, 36, 2),
(519, 41, 37, 2),
(520, 41, 38, 2),
(521, 41, 39, 2),
(522, 41, 0, 1),
(523, 41, 1, 1),
(524, 41, 2, 1),
(525, 41, 3, 1),
(526, 41, 4, 1),
(527, 41, 5, 1),
(528, 41, 6, 1),
(529, 41, 7, 1),
(530, 41, 8, 1),
(531, 41, 9, 1),
(532, 41, 10, 1),
(533, 41, 11, 1),
(534, 41, 12, 1),
(535, 41, 13, 1),
(536, 41, 14, 1),
(537, 41, 15, 1),
(538, 41, 16, 1),
(539, 41, 17, 1),
(540, 41, 18, 1),
(541, 41, 19, 1),
(542, 41, 20, 2),
(543, 41, 21, 2),
(544, 41, 22, 2),
(545, 41, 23, 2),
(546, 41, 24, 2),
(547, 41, 25, 2),
(548, 41, 26, 2),
(549, 41, 27, 2),
(550, 41, 28, 2),
(551, 41, 29, 2),
(552, 41, 30, 2),
(553, 41, 31, 2),
(554, 41, 32, 2),
(555, 41, 33, 2),
(556, 41, 34, 2),
(557, 41, 35, 2),
(558, 41, 36, 2),
(559, 41, 37, 2),
(560, 41, 38, 2),
(561, 41, 39, 2),
(562, 41, 0, 1),
(563, 41, 1, 1),
(564, 41, 2, 1),
(565, 41, 3, 1),
(566, 41, 4, 1),
(567, 41, 5, 1),
(568, 41, 6, 1),
(569, 41, 7, 1),
(570, 41, 8, 1),
(571, 41, 9, 1),
(572, 41, 10, 1),
(573, 41, 11, 1),
(574, 41, 12, 1),
(575, 41, 13, 1),
(576, 41, 14, 1),
(577, 41, 15, 1),
(578, 41, 16, 1),
(579, 41, 17, 1),
(580, 41, 18, 1),
(581, 41, 19, 1),
(582, 41, 20, 2),
(583, 41, 21, 2),
(584, 41, 22, 2),
(585, 41, 23, 2),
(586, 41, 24, 2),
(587, 41, 25, 2),
(588, 41, 26, 2),
(589, 41, 27, 2),
(590, 41, 28, 2),
(591, 41, 29, 2),
(592, 41, 30, 2),
(593, 41, 31, 2),
(594, 41, 32, 2),
(595, 41, 33, 2),
(596, 41, 34, 2),
(597, 41, 35, 2),
(598, 41, 36, 2),
(599, 41, 37, 2),
(600, 41, 38, 2),
(601, 41, 39, 2),
(602, 41, 0, 1),
(603, 41, 1, 1),
(604, 41, 2, 1),
(605, 41, 3, 1),
(606, 41, 4, 1),
(607, 41, 5, 1),
(608, 41, 6, 1),
(609, 41, 7, 1),
(610, 41, 8, 1),
(611, 41, 9, 1),
(612, 41, 10, 1),
(613, 41, 11, 1),
(614, 41, 12, 1),
(615, 41, 13, 1),
(616, 41, 14, 1),
(617, 41, 15, 1),
(618, 41, 16, 1),
(619, 41, 17, 1),
(620, 41, 18, 1),
(621, 41, 19, 1),
(622, 41, 20, 2),
(623, 41, 21, 2),
(624, 41, 22, 2),
(625, 41, 23, 2),
(626, 41, 24, 2),
(627, 41, 25, 2),
(628, 41, 26, 2),
(629, 41, 27, 2),
(630, 41, 28, 2),
(631, 41, 29, 2),
(632, 41, 30, 2),
(633, 41, 31, 2),
(634, 41, 32, 2),
(635, 41, 33, 2),
(636, 41, 34, 2),
(637, 41, 35, 2),
(638, 41, 36, 2),
(639, 41, 37, 2),
(640, 41, 38, 2),
(641, 41, 39, 2),
(642, 41, 0, 1),
(643, 41, 1, 1),
(644, 41, 2, 1),
(645, 41, 3, 1),
(646, 41, 4, 1),
(647, 41, 5, 1),
(648, 41, 6, 1),
(649, 41, 7, 1),
(650, 41, 8, 1),
(651, 41, 9, 1),
(652, 41, 10, 1),
(653, 41, 11, 1),
(654, 41, 12, 1),
(655, 41, 13, 1),
(656, 41, 14, 1),
(657, 41, 15, 1),
(658, 41, 16, 1),
(659, 41, 17, 1),
(660, 41, 18, 1),
(661, 41, 19, 1),
(662, 41, 20, 2),
(663, 41, 21, 2),
(664, 41, 22, 2),
(665, 41, 23, 2),
(666, 41, 24, 2),
(667, 41, 25, 2),
(668, 41, 26, 2),
(669, 41, 27, 2),
(670, 41, 28, 2),
(671, 41, 29, 2),
(672, 41, 30, 2),
(673, 41, 31, 2),
(674, 41, 32, 2),
(675, 41, 33, 2),
(676, 41, 34, 2),
(677, 41, 35, 2),
(678, 41, 36, 2),
(679, 41, 37, 2),
(680, 41, 38, 2),
(681, 41, 39, 2),
(682, 41, 0, 1),
(683, 41, 1, 1),
(684, 41, 2, 1),
(685, 41, 3, 1),
(686, 41, 4, 1),
(687, 41, 5, 1),
(688, 41, 6, 1),
(689, 41, 7, 1),
(690, 41, 8, 1),
(691, 41, 9, 1),
(692, 41, 10, 1),
(693, 41, 11, 1),
(694, 41, 12, 1),
(695, 41, 13, 1),
(696, 41, 14, 1),
(697, 41, 15, 1),
(698, 41, 16, 1),
(699, 41, 17, 1),
(700, 41, 18, 1),
(701, 41, 19, 1),
(702, 41, 20, 2),
(703, 41, 21, 2),
(704, 41, 22, 2),
(705, 41, 23, 2),
(706, 41, 24, 2),
(707, 41, 25, 2),
(708, 41, 26, 2),
(709, 41, 27, 2),
(710, 41, 28, 2),
(711, 41, 29, 2),
(712, 41, 30, 2),
(713, 41, 31, 2),
(714, 41, 32, 2),
(715, 41, 33, 2),
(716, 41, 34, 2),
(717, 41, 35, 2),
(718, 41, 36, 2),
(719, 41, 37, 2),
(720, 41, 38, 2),
(721, 41, 39, 2),
(722, 41, 0, 1),
(723, 41, 1, 1),
(724, 41, 2, 1),
(725, 41, 3, 1),
(726, 41, 4, 1),
(727, 41, 5, 1),
(728, 41, 6, 1),
(729, 41, 7, 1),
(730, 41, 8, 1),
(731, 41, 9, 1),
(732, 41, 10, 1),
(733, 41, 11, 1),
(734, 41, 12, 1),
(735, 41, 13, 1),
(736, 41, 14, 1),
(737, 41, 15, 1),
(738, 41, 16, 1),
(739, 41, 17, 1),
(740, 41, 18, 1),
(741, 41, 19, 1),
(742, 41, 20, 2),
(743, 41, 21, 2),
(744, 41, 22, 2),
(745, 41, 23, 2),
(746, 41, 24, 2),
(747, 41, 25, 2),
(748, 41, 26, 2),
(749, 41, 27, 2),
(750, 41, 28, 2),
(751, 41, 29, 2),
(752, 41, 30, 2),
(753, 41, 31, 2),
(754, 41, 32, 2),
(755, 41, 33, 2),
(756, 41, 34, 2),
(757, 41, 35, 2),
(758, 41, 36, 2),
(759, 41, 37, 2),
(760, 41, 38, 2),
(761, 41, 39, 1),
(762, 41, 0, 1),
(763, 41, 1, 1),
(764, 41, 2, 2),
(765, 41, 3, 2),
(766, 41, 4, 1),
(767, 41, 5, 1),
(768, 41, 6, 1),
(769, 41, 7, 1),
(770, 41, 8, 1),
(771, 41, 9, 1),
(772, 41, 10, 1),
(773, 41, 11, 1),
(774, 41, 12, 1),
(775, 41, 13, 1),
(776, 41, 14, 1),
(777, 41, 15, 1),
(778, 41, 16, 1),
(779, 41, 17, 1),
(780, 41, 18, 1),
(781, 41, 19, 1),
(782, 41, 20, 2),
(783, 41, 21, 2),
(784, 41, 22, 2),
(785, 41, 23, 2),
(786, 41, 24, 2),
(787, 41, 25, 2),
(788, 41, 26, 2),
(789, 41, 27, 2),
(790, 41, 28, 2),
(791, 41, 29, 2),
(792, 41, 30, 2),
(793, 41, 31, 2),
(794, 41, 32, 2),
(795, 41, 33, 2),
(796, 41, 34, 2),
(797, 41, 35, 2),
(798, 41, 36, 2),
(799, 41, 37, 2),
(800, 41, 38, 2),
(801, 41, 39, 1),
(802, 41, 0, 2),
(803, 44, 0, 2),
(804, 44, 1, 1),
(805, 44, 2, 1),
(806, 44, 3, 1),
(807, 44, 4, 1),
(808, 44, 5, 1),
(809, 44, 6, 1),
(810, 44, 7, 1),
(811, 44, 8, 1),
(812, 44, 9, 1),
(813, 44, 10, 1),
(814, 44, 11, 1),
(815, 44, 12, 1),
(816, 44, 13, 1),
(817, 44, 14, 1),
(818, 44, 15, 1),
(819, 44, 16, 1),
(820, 44, 17, 1),
(821, 44, 18, 1),
(822, 44, 19, 1),
(823, 44, 20, 2),
(824, 44, 21, 2),
(825, 44, 22, 2),
(826, 44, 23, 2),
(827, 44, 24, 2),
(828, 44, 25, 2),
(829, 44, 26, 2),
(830, 44, 27, 2),
(831, 44, 28, 2),
(832, 44, 29, 2),
(833, 44, 30, 2),
(834, 44, 31, 2),
(835, 44, 32, 2),
(836, 44, 33, 2),
(837, 44, 34, 2),
(838, 44, 35, 2),
(839, 44, 36, 2),
(840, 44, 37, 2),
(841, 44, 38, 2),
(842, 44, 39, 2),
(843, 45, 0, 1),
(844, 45, 1, 1),
(845, 45, 2, 1),
(846, 45, 3, 1),
(847, 45, 4, 1),
(848, 45, 5, 1),
(849, 45, 6, 1),
(850, 45, 7, 1),
(851, 45, 8, 1),
(852, 45, 9, 1),
(853, 45, 10, 1),
(854, 45, 11, 1),
(855, 45, 12, 1),
(856, 45, 0, 2),
(857, 45, 1, 1),
(858, 45, 2, 1),
(859, 45, 3, 1),
(860, 45, 4, 1),
(861, 45, 5, 1),
(862, 45, 6, 1),
(863, 45, 7, 1),
(864, 45, 8, 1),
(865, 45, 9, 1),
(866, 45, 10, 1),
(867, 45, 11, 1),
(868, 45, 12, 1),
(869, 45, 13, 1),
(870, 45, 14, 1),
(871, 45, 15, 1),
(872, 45, 16, 2),
(873, 45, 17, 2),
(874, 45, 18, 2),
(875, 45, 19, 2),
(876, 45, 20, 2),
(877, 45, 21, 2),
(878, 45, 22, 1),
(879, 45, 23, 1),
(880, 45, 24, 1),
(881, 45, 25, 1),
(882, 45, 26, 1),
(883, 45, 27, 1),
(884, 45, 28, 1),
(885, 45, 29, 1),
(886, 45, 30, 1),
(887, 45, 31, 1),
(888, 45, 32, 2),
(889, 45, 33, 2),
(890, 45, 34, 2),
(891, 45, 35, 2),
(892, 45, 36, 1),
(893, 45, 37, 1),
(894, 45, 38, 2),
(895, 45, 39, 2),
(896, 44, 0, 2),
(897, 44, 1, 1),
(898, 44, 2, 1),
(899, 44, 3, 1),
(900, 44, 4, 1),
(901, 44, 5, 1),
(902, 44, 6, 1),
(903, 44, 7, 1),
(904, 44, 8, 1),
(905, 44, 9, 1),
(906, 44, 10, 1),
(907, 44, 11, 1),
(908, 44, 12, 1),
(909, 44, 13, 1),
(910, 44, 14, 1),
(911, 44, 15, 1),
(912, 44, 16, 1),
(913, 44, 17, 1),
(914, 44, 18, 1),
(915, 44, 19, 1),
(916, 44, 20, 2),
(917, 44, 21, 2),
(918, 44, 22, 2),
(919, 44, 23, 2),
(920, 44, 24, 2),
(921, 44, 25, 2),
(922, 44, 26, 2),
(923, 44, 27, 2),
(924, 44, 28, 2),
(925, 44, 29, 2),
(926, 44, 30, 2),
(927, 44, 31, 2),
(928, 44, 32, 2),
(929, 44, 33, 2),
(930, 44, 34, 2),
(931, 44, 35, 2),
(932, 44, 36, 2),
(933, 44, 37, 2),
(934, 44, 38, 2),
(935, 44, 39, 2),
(936, 44, 0, 2),
(937, 44, 1, 1),
(938, 44, 2, 1),
(939, 44, 3, 1),
(940, 44, 4, 1),
(941, 44, 5, 1),
(942, 44, 6, 1),
(943, 44, 7, 1),
(944, 44, 8, 1),
(945, 44, 9, 1),
(946, 44, 10, 1),
(947, 44, 11, 1),
(948, 44, 12, 1),
(949, 44, 13, 1),
(950, 44, 14, 1),
(951, 44, 15, 1),
(952, 44, 16, 1),
(953, 44, 17, 1),
(954, 44, 18, 1),
(955, 44, 19, 1),
(956, 44, 20, 2),
(957, 44, 21, 2),
(958, 44, 22, 2),
(959, 44, 23, 2),
(960, 44, 24, 2),
(961, 44, 25, 2),
(962, 44, 26, 2),
(963, 44, 27, 2),
(964, 44, 28, 2),
(965, 44, 29, 2),
(966, 44, 30, 2),
(967, 44, 31, 2),
(968, 44, 32, 2),
(969, 44, 33, 2),
(970, 44, 34, 2),
(971, 44, 35, 2),
(972, 44, 36, 2),
(973, 44, 37, 2),
(974, 44, 38, 2),
(975, 44, 39, 2),
(976, 44, 0, 2),
(977, 44, 1, 1),
(978, 44, 2, 1),
(979, 44, 3, 1),
(980, 44, 4, 1),
(981, 44, 5, 1),
(982, 44, 6, 1),
(983, 44, 7, 1),
(984, 44, 8, 1),
(985, 44, 9, 1),
(986, 44, 10, 1),
(987, 44, 11, 1),
(988, 44, 12, 1),
(989, 44, 13, 1),
(990, 44, 14, 1),
(991, 44, 15, 1),
(992, 44, 16, 1),
(993, 44, 17, 1),
(994, 44, 18, 1),
(995, 44, 19, 1),
(996, 44, 20, 2),
(997, 44, 21, 2),
(998, 44, 22, 2),
(999, 44, 23, 2),
(1000, 44, 24, 2),
(1001, 44, 25, 2),
(1002, 44, 26, 2),
(1003, 44, 27, 2),
(1004, 44, 28, 2),
(1005, 44, 29, 2),
(1006, 44, 30, 2),
(1007, 44, 31, 2),
(1008, 44, 32, 2),
(1009, 44, 33, 2),
(1010, 44, 34, 2),
(1011, 44, 35, 2),
(1012, 44, 36, 2),
(1013, 44, 37, 2),
(1014, 44, 38, 2),
(1015, 44, 39, 1),
(1016, 44, 0, 2),
(1017, 44, 1, 1),
(1018, 44, 2, 1),
(1019, 44, 3, 2),
(1020, 44, 4, 1),
(1021, 44, 5, 1),
(1022, 44, 6, 1),
(1023, 44, 7, 1),
(1024, 44, 8, 1),
(1025, 44, 9, 1),
(1026, 44, 10, 1),
(1027, 44, 11, 1),
(1028, 44, 12, 1),
(1029, 44, 13, 1),
(1030, 44, 14, 1),
(1031, 44, 15, 1),
(1032, 44, 16, 1),
(1033, 44, 17, 1),
(1034, 44, 18, 1),
(1035, 44, 19, 1),
(1036, 44, 20, 2),
(1037, 44, 21, 2),
(1038, 44, 22, 2),
(1039, 44, 23, 2),
(1040, 44, 24, 2),
(1041, 44, 25, 2),
(1042, 44, 26, 2),
(1043, 44, 27, 2),
(1044, 44, 28, 2),
(1045, 44, 29, 2),
(1046, 44, 30, 2),
(1047, 44, 31, 2),
(1048, 44, 32, 2),
(1049, 44, 33, 2),
(1050, 44, 34, 2),
(1051, 44, 35, 2),
(1052, 44, 36, 2),
(1053, 44, 37, 2),
(1054, 44, 38, 2),
(1055, 44, 39, 2),
(1056, 44, 0, 2),
(1057, 44, 1, 1),
(1058, 44, 2, 1),
(1059, 44, 3, 2),
(1060, 44, 4, 1),
(1061, 44, 5, 1),
(1062, 44, 6, 1),
(1063, 44, 7, 1),
(1064, 44, 8, 1),
(1065, 44, 9, 1),
(1066, 44, 10, 1),
(1067, 44, 11, 1),
(1068, 44, 12, 1),
(1069, 44, 13, 1),
(1070, 44, 14, 1),
(1071, 44, 15, 1),
(1072, 44, 16, 1),
(1073, 44, 17, 1),
(1074, 44, 18, 1),
(1075, 44, 19, 1),
(1076, 44, 20, 2),
(1077, 44, 21, 2),
(1078, 44, 22, 2),
(1079, 44, 23, 2),
(1080, 44, 24, 2),
(1081, 44, 25, 2),
(1082, 44, 26, 2),
(1083, 44, 27, 1),
(1084, 44, 28, 2),
(1085, 44, 29, 2),
(1086, 44, 30, 2),
(1087, 44, 31, 2),
(1088, 44, 32, 2),
(1089, 44, 33, 2),
(1090, 44, 34, 2),
(1091, 44, 35, 2),
(1092, 44, 36, 2),
(1093, 44, 37, 2),
(1094, 44, 38, 2),
(1095, 44, 39, 2),
(1096, 44, 0, 2),
(1097, 44, 1, 1),
(1098, 44, 2, 1),
(1099, 44, 3, 2),
(1100, 44, 4, 1),
(1101, 44, 5, 1),
(1102, 44, 6, 1),
(1103, 44, 7, 1),
(1104, 44, 8, 1),
(1105, 44, 9, 1),
(1106, 44, 10, 1),
(1107, 44, 11, 1),
(1108, 44, 12, 1),
(1109, 44, 13, 1),
(1110, 44, 14, 1),
(1111, 44, 15, 1),
(1112, 44, 16, 1),
(1113, 44, 17, 1),
(1114, 44, 18, 1),
(1115, 44, 19, 1),
(1116, 44, 20, 2),
(1117, 44, 21, 2),
(1118, 44, 22, 2),
(1119, 44, 23, 2),
(1120, 44, 24, 2),
(1121, 44, 25, 2),
(1122, 44, 26, 2),
(1123, 44, 27, 2),
(1124, 44, 28, 2),
(1125, 44, 29, 2),
(1126, 44, 30, 2),
(1127, 44, 31, 2),
(1128, 44, 32, 2),
(1129, 44, 33, 2),
(1130, 44, 34, 2),
(1131, 44, 35, 2),
(1132, 44, 36, 2),
(1133, 44, 37, 2),
(1134, 44, 38, 2),
(1135, 44, 39, 2),
(1136, 44, 0, 2),
(1137, 44, 1, 1),
(1138, 44, 2, 1),
(1139, 44, 3, 2),
(1140, 44, 4, 1),
(1141, 44, 5, 1),
(1142, 44, 6, 1),
(1143, 44, 7, 1),
(1144, 44, 8, 1),
(1145, 44, 9, 1),
(1146, 44, 10, 1),
(1147, 44, 11, 1),
(1148, 44, 12, 1),
(1149, 44, 13, 1),
(1150, 44, 14, 1),
(1151, 44, 15, 1),
(1152, 44, 16, 1),
(1153, 44, 17, 1),
(1154, 44, 18, 1),
(1155, 44, 19, 1),
(1156, 44, 20, 2),
(1157, 44, 21, 2),
(1158, 44, 22, 2),
(1159, 44, 23, 2),
(1160, 44, 24, 2),
(1161, 44, 25, 2),
(1162, 44, 26, 2),
(1163, 44, 27, 2),
(1164, 44, 28, 2),
(1165, 44, 29, 2),
(1166, 44, 30, 2),
(1167, 44, 31, 2),
(1168, 44, 32, 2),
(1169, 44, 33, 2),
(1170, 44, 34, 2),
(1171, 44, 35, 2),
(1172, 44, 36, 2),
(1173, 44, 37, 2),
(1174, 44, 38, 2),
(1175, 44, 39, 2),
(1176, 44, 0, 2),
(1177, 44, 1, 1),
(1178, 44, 2, 1),
(1179, 44, 3, 2),
(1180, 44, 4, 1),
(1181, 44, 5, 1),
(1182, 44, 6, 1),
(1183, 44, 7, 1),
(1184, 44, 8, 1),
(1185, 44, 9, 1),
(1186, 44, 10, 1),
(1187, 44, 11, 1),
(1188, 44, 12, 1),
(1189, 44, 13, 1),
(1190, 44, 14, 1),
(1191, 44, 15, 1),
(1192, 44, 16, 1),
(1193, 44, 17, 1),
(1194, 44, 18, 1),
(1195, 44, 19, 1),
(1196, 44, 20, 2),
(1197, 44, 21, 2),
(1198, 44, 22, 2),
(1199, 44, 23, 2),
(1200, 44, 24, 2),
(1201, 44, 25, 2),
(1202, 44, 26, 2),
(1203, 44, 27, 2),
(1204, 44, 28, 2),
(1205, 44, 29, 2),
(1206, 44, 30, 2),
(1207, 44, 31, 2),
(1208, 44, 32, 2),
(1209, 44, 33, 2),
(1210, 44, 34, 2),
(1211, 44, 35, 2),
(1212, 44, 36, 2),
(1213, 44, 37, 2),
(1214, 44, 38, 2),
(1215, 44, 39, 2),
(1216, 44, 0, 2),
(1217, 44, 1, 1),
(1218, 44, 2, 1),
(1219, 44, 3, 2),
(1220, 44, 4, 1),
(1221, 44, 5, 1),
(1222, 44, 6, 1),
(1223, 44, 7, 1),
(1224, 44, 8, 1),
(1225, 44, 9, 1),
(1226, 44, 10, 1),
(1227, 44, 11, 1),
(1228, 44, 12, 1),
(1229, 44, 13, 1),
(1230, 44, 14, 1),
(1231, 44, 15, 1),
(1232, 44, 16, 1),
(1233, 44, 17, 1),
(1234, 44, 18, 1),
(1235, 44, 19, 1),
(1236, 44, 20, 2),
(1237, 44, 21, 2),
(1238, 44, 22, 2),
(1239, 44, 23, 2),
(1240, 44, 24, 2),
(1241, 44, 25, 2),
(1242, 44, 26, 2),
(1243, 44, 27, 2),
(1244, 44, 28, 2),
(1245, 44, 29, 2),
(1246, 44, 30, 2),
(1247, 44, 31, 2),
(1248, 44, 32, 2),
(1249, 44, 33, 2),
(1250, 44, 34, 2),
(1251, 44, 35, 2),
(1252, 44, 36, 2),
(1253, 44, 37, 2),
(1254, 44, 38, 2),
(1255, 44, 39, 2),
(1256, 44, 0, 2),
(1257, 44, 1, 1),
(1258, 44, 2, 1),
(1259, 44, 3, 2),
(1260, 44, 4, 1),
(1261, 44, 5, 1),
(1262, 44, 6, 1),
(1263, 44, 7, 1),
(1264, 44, 8, 1),
(1265, 44, 9, 1),
(1266, 44, 10, 1),
(1267, 44, 11, 1),
(1268, 44, 12, 1),
(1269, 44, 13, 1),
(1270, 44, 14, 1),
(1271, 44, 15, 1),
(1272, 44, 16, 1),
(1273, 44, 17, 1),
(1274, 44, 18, 1),
(1275, 44, 19, 1),
(1276, 44, 20, 2),
(1277, 44, 21, 2),
(1278, 44, 22, 2),
(1279, 44, 23, 2),
(1280, 44, 24, 2),
(1281, 44, 25, 2),
(1282, 44, 26, 2),
(1283, 44, 27, 2),
(1284, 44, 28, 2),
(1285, 44, 29, 2),
(1286, 44, 30, 2),
(1287, 44, 31, 2),
(1288, 44, 32, 2),
(1289, 44, 33, 2),
(1290, 44, 34, 2),
(1291, 44, 35, 2),
(1292, 44, 36, 2),
(1293, 44, 37, 2),
(1294, 44, 38, 2),
(1295, 44, 39, 2),
(1296, 44, 0, 2),
(1297, 44, 1, 1),
(1298, 44, 2, 1),
(1299, 44, 3, 2),
(1300, 44, 4, 1),
(1301, 44, 5, 1),
(1302, 44, 6, 1),
(1303, 44, 7, 1),
(1304, 44, 8, 1),
(1305, 44, 9, 1),
(1306, 44, 10, 1),
(1307, 44, 11, 1),
(1308, 44, 12, 1),
(1309, 44, 13, 1),
(1310, 44, 14, 1),
(1311, 44, 15, 1),
(1312, 44, 16, 1),
(1313, 44, 17, 1),
(1314, 44, 18, 1),
(1315, 44, 19, 1),
(1316, 44, 20, 2),
(1317, 44, 21, 2),
(1318, 44, 22, 2),
(1319, 44, 23, 2),
(1320, 44, 24, 2),
(1321, 44, 25, 2),
(1322, 44, 26, 2),
(1323, 44, 27, 2),
(1324, 44, 28, 2),
(1325, 44, 29, 2),
(1326, 44, 30, 2),
(1327, 44, 31, 2),
(1328, 44, 32, 2),
(1329, 44, 33, 2),
(1330, 44, 34, 2),
(1331, 44, 35, 2),
(1332, 44, 36, 2),
(1333, 44, 37, 2),
(1334, 44, 38, 2),
(1335, 44, 39, 2),
(1336, 44, 0, 2),
(1337, 44, 1, 1),
(1338, 44, 2, 1),
(1339, 44, 3, 2),
(1340, 44, 4, 1),
(1341, 44, 5, 1),
(1342, 44, 6, 1),
(1343, 44, 7, 1),
(1344, 44, 8, 1),
(1345, 44, 9, 1),
(1346, 44, 10, 1),
(1347, 44, 11, 1),
(1348, 44, 12, 1),
(1349, 44, 13, 1),
(1350, 44, 14, 1),
(1351, 44, 15, 1),
(1352, 44, 16, 1),
(1353, 44, 17, 1),
(1354, 44, 18, 1),
(1355, 44, 19, 1),
(1356, 44, 20, 2),
(1357, 44, 21, 2),
(1358, 44, 22, 2),
(1359, 44, 23, 2),
(1360, 44, 24, 2),
(1361, 44, 25, 2),
(1362, 44, 26, 2),
(1363, 44, 27, 2),
(1364, 44, 28, 2),
(1365, 44, 29, 2),
(1366, 44, 30, 2),
(1367, 44, 31, 2),
(1368, 44, 32, 2),
(1369, 44, 33, 2),
(1370, 44, 34, 2),
(1371, 44, 35, 2),
(1372, 44, 36, 2),
(1373, 44, 37, 2),
(1374, 44, 38, 2),
(1375, 44, 39, 2),
(1376, 44, 0, 2),
(1377, 44, 1, 1),
(1378, 44, 2, 1),
(1379, 44, 3, 2),
(1380, 44, 4, 1),
(1381, 44, 5, 1),
(1382, 44, 6, 1),
(1383, 44, 7, 2),
(1384, 44, 8, 1),
(1385, 44, 9, 1),
(1386, 44, 10, 1),
(1387, 44, 11, 1),
(1388, 44, 12, 1),
(1389, 44, 13, 1),
(1390, 44, 14, 1),
(1391, 44, 15, 1),
(1392, 44, 16, 1),
(1393, 44, 17, 1),
(1394, 44, 18, 1),
(1395, 44, 19, 1),
(1396, 44, 20, 2),
(1397, 44, 21, 2),
(1398, 44, 22, 2),
(1399, 44, 23, 2),
(1400, 44, 24, 2),
(1401, 44, 25, 2),
(1402, 44, 26, 2),
(1403, 44, 27, 2),
(1404, 44, 28, 2),
(1405, 44, 29, 2),
(1406, 44, 30, 2),
(1407, 44, 31, 2),
(1408, 44, 32, 2),
(1409, 44, 33, 2),
(1410, 44, 34, 2),
(1411, 44, 35, 2),
(1412, 44, 36, 2),
(1413, 44, 37, 2),
(1414, 44, 38, 2),
(1415, 44, 39, 2),
(1416, 44, 0, 2),
(1417, 44, 1, 1),
(1418, 44, 2, 1),
(1419, 44, 3, 2),
(1420, 44, 4, 1),
(1421, 44, 5, 1),
(1422, 44, 6, 1),
(1423, 44, 7, 2),
(1424, 44, 8, 1),
(1425, 44, 9, 1),
(1426, 44, 10, 1),
(1427, 44, 11, 1),
(1428, 44, 12, 1),
(1429, 44, 13, 1),
(1430, 44, 14, 1),
(1431, 44, 15, 1),
(1432, 44, 16, 1),
(1433, 44, 17, 1),
(1434, 44, 18, 1),
(1435, 44, 19, 1),
(1436, 44, 20, 2),
(1437, 44, 21, 2),
(1438, 44, 22, 2),
(1439, 44, 23, 2),
(1440, 44, 24, 2),
(1441, 44, 25, 2),
(1442, 44, 26, 2),
(1443, 44, 27, 2),
(1444, 44, 28, 2),
(1445, 44, 29, 2),
(1446, 44, 30, 2),
(1447, 44, 31, 2),
(1448, 44, 32, 2),
(1449, 44, 33, 2),
(1450, 44, 34, 2),
(1451, 44, 35, 2),
(1452, 44, 36, 2),
(1453, 44, 37, 2),
(1454, 44, 38, 2),
(1455, 44, 39, 2),
(1456, 44, 39, 2),
(1457, 44, 0, 2),
(1458, 44, 1, 1),
(1459, 44, 2, 1),
(1460, 44, 3, 2),
(1461, 44, 4, 1),
(1462, 44, 5, 1),
(1463, 44, 6, 1),
(1464, 44, 7, 2),
(1465, 44, 8, 1),
(1466, 44, 9, 1),
(1467, 44, 10, 1),
(1468, 44, 11, 1),
(1469, 44, 12, 1),
(1470, 44, 13, 1),
(1471, 44, 14, 1),
(1472, 44, 15, 1),
(1473, 44, 16, 1),
(1474, 44, 17, 1),
(1475, 44, 18, 1),
(1476, 44, 19, 1),
(1477, 44, 20, 2),
(1478, 44, 21, 2),
(1479, 44, 22, 2),
(1480, 44, 23, 2),
(1481, 44, 24, 2),
(1482, 44, 25, 2),
(1483, 44, 26, 2),
(1484, 44, 27, 2),
(1485, 44, 28, 2),
(1486, 44, 29, 2),
(1487, 44, 30, 2),
(1488, 44, 31, 2),
(1489, 44, 32, 2),
(1490, 44, 33, 2),
(1491, 44, 34, 2),
(1492, 44, 35, 2),
(1493, 44, 36, 1),
(1494, 44, 37, 2),
(1495, 44, 38, 2),
(1496, 44, 39, 2),
(1497, 44, 0, 2),
(1498, 44, 1, 1),
(1499, 44, 2, 1),
(1500, 44, 3, 2),
(1501, 44, 4, 1),
(1502, 44, 5, 1),
(1503, 44, 6, 1),
(1504, 44, 7, 2),
(1505, 44, 8, 1),
(1506, 44, 9, 1),
(1507, 44, 10, 1),
(1508, 44, 11, 1),
(1509, 44, 12, 1),
(1510, 44, 13, 1),
(1511, 44, 14, 1),
(1512, 44, 15, 1),
(1513, 44, 16, 1),
(1514, 44, 17, 1),
(1515, 44, 18, 1),
(1516, 44, 19, 1),
(1517, 44, 20, 2),
(1518, 44, 21, 2),
(1519, 44, 22, 2),
(1520, 44, 23, 2),
(1521, 44, 24, 2),
(1522, 44, 25, 2),
(1523, 44, 26, 2),
(1524, 44, 27, 2),
(1525, 44, 28, 2),
(1526, 44, 29, 2),
(1527, 44, 30, 2),
(1528, 44, 31, 2),
(1529, 44, 32, 2),
(1530, 44, 33, 2),
(1531, 44, 34, 2),
(1532, 44, 35, 2),
(1533, 44, 36, 1),
(1534, 44, 37, 2),
(1535, 44, 38, 2),
(1536, 44, 39, 2),
(1537, 44, 0, 2),
(1538, 44, 1, 1),
(1539, 44, 2, 1),
(1540, 44, 3, 2),
(1541, 44, 4, 1),
(1542, 44, 5, 1),
(1543, 44, 6, 1),
(1544, 44, 7, 2),
(1545, 44, 8, 1),
(1546, 44, 9, 1),
(1547, 44, 10, 1),
(1548, 44, 11, 1),
(1549, 44, 12, 1),
(1550, 44, 13, 1),
(1551, 44, 14, 1),
(1552, 44, 15, 1),
(1553, 44, 16, 1),
(1554, 44, 17, 1),
(1555, 44, 18, 1),
(1556, 44, 19, 1),
(1557, 44, 20, 1),
(1558, 44, 21, 2),
(1559, 44, 22, 2),
(1560, 44, 23, 2),
(1561, 44, 24, 2),
(1562, 44, 25, 2),
(1563, 44, 26, 2),
(1564, 44, 27, 2),
(1565, 44, 28, 2),
(1566, 44, 29, 2),
(1567, 44, 30, 2),
(1568, 44, 31, 2),
(1569, 44, 32, 2),
(1570, 44, 33, 2),
(1571, 44, 34, 2),
(1572, 44, 35, 2),
(1573, 44, 36, 2),
(1574, 44, 37, 2),
(1575, 44, 38, 2),
(1576, 44, 39, 2),
(1577, 44, 0, 2),
(1578, 44, 1, 1),
(1579, 44, 2, 1),
(1580, 44, 3, 2),
(1581, 44, 4, 1),
(1582, 44, 5, 1),
(1583, 44, 6, 1),
(1584, 44, 7, 2),
(1585, 44, 8, 1),
(1586, 44, 9, 1),
(1587, 44, 10, 1),
(1588, 44, 11, 1),
(1589, 44, 12, 1),
(1590, 44, 13, 1),
(1591, 44, 14, 1),
(1592, 44, 15, 1),
(1593, 44, 16, 1),
(1594, 44, 17, 1),
(1595, 44, 18, 1),
(1596, 44, 19, 1),
(1597, 44, 20, 2),
(1598, 44, 21, 2),
(1599, 44, 22, 2),
(1600, 44, 23, 2),
(1601, 44, 24, 2),
(1602, 44, 25, 2),
(1603, 44, 26, 2),
(1604, 44, 27, 1),
(1605, 44, 28, 2),
(1606, 44, 29, 2),
(1607, 44, 30, 2),
(1608, 44, 31, 2),
(1609, 44, 32, 2),
(1610, 44, 33, 2),
(1611, 44, 34, 2),
(1612, 44, 35, 2),
(1613, 44, 36, 1),
(1614, 44, 37, 2),
(1615, 44, 38, 2),
(1616, 44, 39, 1),
(1617, 44, 0, 2),
(1618, 44, 1, 1),
(1619, 44, 2, 1),
(1620, 44, 3, 2),
(1621, 44, 4, 1),
(1622, 44, 5, 1),
(1623, 44, 6, 1),
(1624, 44, 7, 2),
(1625, 44, 8, 1),
(1626, 44, 9, 1),
(1627, 44, 10, 1),
(1628, 44, 11, 1),
(1629, 44, 12, 1),
(1630, 44, 13, 1),
(1631, 44, 14, 1),
(1632, 44, 15, 1),
(1633, 44, 16, 1),
(1634, 44, 17, 1),
(1635, 44, 18, 1),
(1636, 44, 19, 1),
(1637, 44, 20, 1),
(1638, 44, 21, 2),
(1639, 44, 22, 2),
(1640, 44, 23, 2),
(1641, 44, 24, 2),
(1642, 44, 25, 2),
(1643, 44, 26, 2),
(1644, 44, 27, 2),
(1645, 44, 28, 2),
(1646, 44, 29, 2),
(1647, 44, 30, 2),
(1648, 44, 31, 2),
(1649, 44, 32, 2),
(1650, 44, 33, 2),
(1651, 44, 34, 2),
(1652, 44, 35, 2),
(1653, 44, 36, 2),
(1654, 44, 37, 2),
(1655, 44, 38, 2),
(1656, 44, 39, 2),
(1657, 44, 0, 2),
(1658, 44, 1, 2),
(1659, 44, 2, 1),
(1660, 44, 3, 2),
(1661, 44, 4, 1),
(1662, 44, 5, 1),
(1663, 44, 6, 1),
(1664, 44, 7, 2),
(1665, 44, 8, 1),
(1666, 44, 9, 1),
(1667, 44, 10, 1),
(1668, 44, 11, 1),
(1669, 44, 12, 1),
(1670, 44, 13, 1),
(1671, 44, 14, 1),
(1672, 44, 15, 1),
(1673, 44, 16, 1),
(1674, 44, 17, 1),
(1675, 44, 18, 1),
(1676, 44, 19, 1),
(1677, 44, 20, 2),
(1678, 44, 21, 2),
(1679, 44, 22, 2),
(1680, 44, 23, 2),
(1681, 44, 24, 2),
(1682, 44, 25, 2),
(1683, 44, 26, 2),
(1684, 44, 27, 2),
(1685, 44, 28, 2),
(1686, 44, 29, 2),
(1687, 44, 30, 2),
(1688, 44, 31, 2),
(1689, 44, 32, 2),
(1690, 44, 33, 2),
(1691, 44, 34, 2),
(1692, 44, 35, 2),
(1693, 44, 36, 2),
(1694, 44, 37, 2),
(1695, 44, 38, 2),
(1696, 44, 39, 2),
(1697, 44, 0, 1),
(1698, 44, 1, 1),
(1699, 44, 2, 1),
(1700, 44, 3, 1),
(1701, 44, 4, 1),
(1702, 44, 5, 1),
(1703, 44, 6, 1),
(1704, 44, 7, 1),
(1705, 44, 8, 1),
(1706, 44, 9, 1),
(1707, 44, 10, 1),
(1708, 44, 11, 1),
(1709, 44, 12, 1),
(1710, 44, 13, 1),
(1711, 44, 14, 1),
(1712, 44, 15, 1),
(1713, 44, 16, 1),
(1714, 44, 17, 1),
(1715, 44, 18, 1),
(1716, 44, 19, 1),
(1717, 44, 20, 2),
(1718, 44, 21, 2),
(1719, 44, 22, 2),
(1720, 44, 23, 2),
(1721, 44, 24, 2),
(1722, 44, 25, 2),
(1723, 44, 26, 2),
(1724, 44, 27, 2),
(1725, 44, 28, 2),
(1726, 44, 29, 2),
(1727, 44, 30, 2),
(1728, 44, 31, 2),
(1729, 44, 32, 2),
(1730, 44, 33, 2),
(1731, 44, 34, 2),
(1732, 44, 35, 2),
(1733, 44, 36, 2),
(1734, 44, 37, 2),
(1735, 44, 38, 2),
(1736, 44, 39, 2),
(1737, 44, 0, 1),
(1738, 44, 1, 1),
(1739, 44, 2, 1),
(1740, 44, 3, 1),
(1741, 44, 4, 1),
(1742, 44, 5, 1),
(1743, 44, 6, 1),
(1744, 44, 7, 1),
(1745, 44, 8, 1),
(1746, 44, 9, 1),
(1747, 44, 10, 1),
(1748, 44, 11, 1),
(1749, 44, 12, 1),
(1750, 44, 13, 1),
(1751, 44, 14, 1),
(1752, 44, 15, 1),
(1753, 44, 16, 1),
(1754, 44, 17, 1),
(1755, 44, 18, 1),
(1756, 44, 19, 1),
(1757, 44, 20, 2),
(1758, 44, 21, 2),
(1759, 44, 22, 2),
(1760, 44, 23, 2),
(1761, 44, 24, 2),
(1762, 44, 25, 2),
(1763, 44, 26, 2),
(1764, 44, 27, 2),
(1765, 44, 28, 2),
(1766, 44, 29, 2),
(1767, 44, 30, 2),
(1768, 44, 31, 2),
(1769, 44, 32, 2),
(1770, 44, 33, 2),
(1771, 44, 34, 2),
(1772, 44, 35, 2),
(1773, 44, 36, 2),
(1774, 44, 37, 2),
(1775, 44, 38, 2),
(1776, 44, 39, 2),
(1777, 44, 0, 2),
(1778, 44, 1, 2),
(1779, 44, 2, 1),
(1780, 44, 3, 2),
(1781, 44, 4, 1),
(1782, 44, 5, 1),
(1783, 44, 6, 1),
(1784, 44, 7, 2),
(1785, 44, 8, 1),
(1786, 44, 9, 1),
(1787, 44, 10, 1),
(1788, 44, 11, 1),
(1789, 44, 12, 1),
(1790, 44, 13, 1),
(1791, 44, 14, 1),
(1792, 44, 15, 1),
(1793, 44, 16, 1),
(1794, 44, 17, 1),
(1795, 44, 18, 1),
(1796, 44, 19, 1),
(1797, 44, 20, 2),
(1798, 44, 21, 2),
(1799, 44, 22, 2),
(1800, 44, 23, 2),
(1801, 44, 24, 2),
(1802, 44, 25, 2),
(1803, 44, 26, 2),
(1804, 44, 27, 2),
(1805, 44, 28, 2),
(1806, 44, 29, 2),
(1807, 44, 30, 2),
(1808, 44, 31, 2),
(1809, 44, 32, 2),
(1810, 44, 33, 2),
(1811, 44, 34, 2),
(1812, 44, 35, 2),
(1813, 44, 36, 2),
(1814, 44, 37, 2),
(1815, 44, 38, 2),
(1816, 44, 39, 2),
(1817, 40, 0, 1),
(1818, 40, 1, 1),
(1819, 40, 2, 1),
(1820, 40, 3, 1),
(1821, 40, 4, 1),
(1822, 40, 5, 1),
(1823, 40, 6, 2),
(1824, 40, 7, 1),
(1825, 40, 8, 1),
(1826, 40, 9, 1),
(1827, 40, 10, 1),
(1828, 40, 11, 1),
(1829, 40, 12, 1),
(1830, 40, 13, 1),
(1831, 40, 14, 1),
(1832, 40, 15, 1),
(1833, 40, 16, 1),
(1834, 40, 17, 1),
(1835, 40, 18, 1),
(1836, 40, 19, 1),
(1837, 40, 20, 2),
(1838, 40, 21, 2),
(1839, 40, 22, 2),
(1840, 40, 23, 2),
(1841, 40, 24, 2),
(1842, 40, 25, 2),
(1843, 40, 26, 2),
(1844, 40, 27, 2),
(1845, 40, 28, 2),
(1846, 40, 29, 2),
(1847, 40, 30, 2),
(1848, 40, 31, 2),
(1849, 40, 32, 2),
(1850, 40, 33, 2),
(1851, 40, 34, 2),
(1852, 40, 35, 2),
(1853, 40, 36, 2),
(1854, 40, 37, 2),
(1855, 40, 38, 2),
(1856, 40, 39, 2);

-- --------------------------------------------------------

--
-- Table structure for table `chk_speed_meter`
--

CREATE TABLE `chk_speed_meter` (
  `id` int(11) NOT NULL,
  `goods_id` int(11) NOT NULL,
  `goods_chk_speed_meter_id` int(11) NOT NULL,
  `goods_chk_status_id` int(11) NOT NULL
) ENGINE=InnoDB DEFAULT CHARSET=utf8;

--
-- Dumping data for table `chk_speed_meter`
--

INSERT INTO `chk_speed_meter` (`id`, `goods_id`, `goods_chk_speed_meter_id`, `goods_chk_status_id`) VALUES
(1, 44, 1, 1),
(2, 45, 1, 1),
(3, 45, 1, 1),
(4, 44, 1, 1),
(5, 44, 1, 1),
(6, 44, 1, 1),
(7, 44, 1, 1),
(8, 44, 1, 1),
(9, 44, 1, 1),
(10, 44, 1, 1),
(11, 44, 1, 1),
(12, 44, 1, 1),
(13, 44, 1, 1),
(14, 44, 1, 1),
(15, 44, 1, 1),
(16, 44, 1, 1),
(17, 44, 1, 1),
(18, 44, 1, 1),
(19, 44, 1, 1),
(20, 44, 1, 1),
(21, 44, 1, 1),
(22, 44, 1, 1),
(23, 44, 1, 1);

-- --------------------------------------------------------

--
-- Table structure for table `chk_tire`
--

CREATE TABLE `chk_tire` (
  `id` int(11) NOT NULL,
  `goods_id` int(11) NOT NULL,
  `goods_chk_tire_id` int(11) NOT NULL,
  `goods_chk_status_id` int(11) NOT NULL
) ENGINE=InnoDB DEFAULT CHARSET=utf8;

--
-- Dumping data for table `chk_tire`
--

INSERT INTO `chk_tire` (`id`, `goods_id`, `goods_chk_tire_id`, `goods_chk_status_id`) VALUES
(1, 44, 1, 1),
(2, 45, 1, 3),
(3, 45, 1, 3),
(4, 44, 1, 1),
(5, 44, 1, 1),
(6, 44, 1, 1),
(7, 44, 1, 1),
(8, 44, 1, 1),
(9, 44, 1, 1),
(10, 44, 1, 1),
(11, 44, 1, 1),
(12, 44, 1, 1),
(13, 44, 1, 1),
(14, 44, 1, 1),
(15, 44, 1, 1),
(16, 44, 1, 1),
(17, 44, 1, 1),
(18, 44, 1, 1),
(19, 44, 1, 1),
(20, 44, 1, 1),
(21, 44, 1, 1),
(22, 44, 1, 1),
(23, 44, 1, 1);

-- --------------------------------------------------------

--
-- Table structure for table `chk_window_film`
--

CREATE TABLE `chk_window_film` (
  `id` int(11) NOT NULL,
  `goods_id` int(11) NOT NULL,
  `goods_chk_window_film_id` int(11) NOT NULL,
  `goods_chk_status_id` int(11) NOT NULL
) ENGINE=InnoDB DEFAULT CHARSET=utf8;

--
-- Dumping data for table `chk_window_film`
--

INSERT INTO `chk_window_film` (`id`, `goods_id`, `goods_chk_window_film_id`, `goods_chk_status_id`) VALUES
(1, 44, 1, 1),
(2, 44, 2, 1),
(3, 44, 3, 1),
(4, 44, 4, 1),
(5, 45, 1, 1),
(6, 45, 2, 1),
(7, 45, 3, 1),
(8, 45, 4, 1),
(9, 45, 1, 1),
(10, 45, 2, 1),
(11, 45, 3, 1),
(12, 45, 4, 1),
(13, 44, 1, 1),
(14, 44, 2, 1),
(15, 44, 3, 1),
(16, 44, 4, 1),
(17, 44, 1, 1),
(18, 44, 2, 1),
(19, 44, 3, 1),
(20, 44, 4, 1),
(21, 44, 1, 1),
(22, 44, 2, 1),
(23, 44, 3, 1),
(24, 44, 4, 1),
(25, 44, 1, 1),
(26, 44, 2, 1),
(27, 44, 3, 1),
(28, 44, 4, 1),
(29, 44, 1, 1),
(30, 44, 2, 1),
(31, 44, 3, 1),
(32, 44, 4, 1),
(33, 44, 1, 1),
(34, 44, 2, 1),
(35, 44, 3, 1),
(36, 44, 4, 1),
(37, 44, 1, 1),
(38, 44, 2, 1),
(39, 44, 3, 1),
(40, 44, 4, 1),
(41, 44, 1, 1),
(42, 44, 2, 1),
(43, 44, 3, 1),
(44, 44, 4, 1),
(45, 44, 1, 1),
(46, 44, 2, 1),
(47, 44, 3, 1),
(48, 44, 4, 1),
(49, 44, 1, 1),
(50, 44, 2, 1),
(51, 44, 3, 1),
(52, 44, 4, 1),
(53, 44, 1, 1),
(54, 44, 2, 1),
(55, 44, 3, 1),
(56, 44, 4, 1),
(57, 44, 1, 1),
(58, 44, 2, 1),
(59, 44, 3, 1),
(60, 44, 4, 1),
(61, 44, 1, 1),
(62, 44, 2, 1),
(63, 44, 3, 1),
(64, 44, 4, 1),
(65, 44, 1, 1),
(66, 44, 2, 1),
(67, 44, 3, 1),
(68, 44, 4, 1),
(69, 44, 1, 1),
(70, 44, 2, 1),
(71, 44, 3, 1),
(72, 44, 4, 1),
(73, 44, 1, 1),
(74, 44, 2, 1),
(75, 44, 3, 1),
(76, 44, 4, 1),
(77, 44, 1, 1),
(78, 44, 2, 1),
(79, 44, 3, 1),
(80, 44, 4, 1),
(81, 44, 1, 1),
(82, 44, 2, 1),
(83, 44, 3, 1),
(84, 44, 4, 1),
(85, 44, 1, 1),
(86, 44, 2, 1),
(87, 44, 3, 1),
(88, 44, 4, 1),
(89, 44, 1, 1),
(90, 44, 2, 1),
(91, 44, 3, 1),
(92, 44, 4, 1);

-- --------------------------------------------------------

--
-- Table structure for table `chk_window_glass`
--

CREATE TABLE `chk_window_glass` (
  `id` int(11) NOT NULL,
  `goods_id` int(11) NOT NULL,
  `goods_chk_window_glass_id` int(11) NOT NULL,
  `goods_chk_status_id` int(11) NOT NULL
) ENGINE=InnoDB DEFAULT CHARSET=utf8;

--
-- Dumping data for table `chk_window_glass`
--

INSERT INTO `chk_window_glass` (`id`, `goods_id`, `goods_chk_window_glass_id`, `goods_chk_status_id`) VALUES
(1, 44, 1, 1),
(2, 44, 2, 1),
(3, 44, 3, 1),
(4, 44, 4, 1),
(5, 45, 1, 1),
(6, 45, 2, 1),
(7, 45, 3, 1),
(8, 45, 4, 1),
(9, 45, 1, 1),
(10, 45, 2, 1),
(11, 45, 3, 1),
(12, 45, 4, 1),
(13, 44, 1, 1),
(14, 44, 2, 1),
(15, 44, 3, 1),
(16, 44, 4, 1),
(17, 44, 1, 1),
(18, 44, 2, 1),
(19, 44, 3, 1),
(20, 44, 4, 1),
(21, 44, 1, 1),
(22, 44, 2, 1),
(23, 44, 3, 1),
(24, 44, 4, 1),
(25, 44, 1, 1),
(26, 44, 2, 1),
(27, 44, 3, 1),
(28, 44, 4, 1),
(29, 44, 1, 1),
(30, 44, 2, 1),
(31, 44, 3, 1),
(32, 44, 4, 1),
(33, 44, 1, 1),
(34, 44, 2, 1),
(35, 44, 3, 1),
(36, 44, 4, 1),
(37, 44, 1, 1),
(38, 44, 2, 1),
(39, 44, 3, 1),
(40, 44, 4, 1),
(41, 44, 1, 1),
(42, 44, 2, 1),
(43, 44, 3, 1),
(44, 44, 4, 1),
(45, 44, 1, 1),
(46, 44, 2, 1),
(47, 44, 3, 1),
(48, 44, 4, 1),
(49, 44, 1, 1),
(50, 44, 2, 1),
(51, 44, 3, 1),
(52, 44, 4, 1),
(53, 44, 1, 1),
(54, 44, 2, 1),
(55, 44, 3, 1),
(56, 44, 4, 1),
(57, 44, 1, 1),
(58, 44, 2, 1),
(59, 44, 3, 1),
(60, 44, 4, 1),
(61, 44, 1, 1),
(62, 44, 2, 1),
(63, 44, 3, 1),
(64, 44, 4, 1),
(65, 44, 1, 1),
(66, 44, 2, 1),
(67, 44, 3, 1),
(68, 44, 4, 1),
(69, 44, 1, 1),
(70, 44, 2, 1),
(71, 44, 3, 1),
(72, 44, 4, 1),
(73, 44, 1, 1),
(74, 44, 2, 1),
(75, 44, 3, 1),
(76, 44, 4, 1),
(77, 44, 1, 1),
(78, 44, 2, 1),
(79, 44, 3, 1),
(80, 44, 4, 1),
(81, 44, 1, 1),
(82, 44, 2, 1),
(83, 44, 3, 1),
(84, 44, 4, 1),
(85, 44, 1, 1),
(86, 44, 2, 1),
(87, 44, 3, 1),
(88, 44, 4, 1),
(89, 44, 1, 1),
(90, 44, 2, 1),
(91, 44, 3, 1),
(92, 44, 4, 1);

-- --------------------------------------------------------

--
-- Table structure for table `chk_windshield`
--

CREATE TABLE `chk_windshield` (
  `id` int(11) NOT NULL,
  `goods_id` int(11) NOT NULL,
  `goods_chk_windshield_id` int(11) NOT NULL,
  `goods_chk_status_id` int(11) NOT NULL
) ENGINE=InnoDB DEFAULT CHARSET=utf8;

--
-- Dumping data for table `chk_windshield`
--

INSERT INTO `chk_windshield` (`id`, `goods_id`, `goods_chk_windshield_id`, `goods_chk_status_id`) VALUES
(1, 0, 1, 1),
(2, 0, 2, 1),
(3, 21, 1, 1),
(4, 21, 2, 1),
(5, 22, 1, 1),
(6, 22, 2, 1),
(7, 23, 1, 1),
(8, 23, 2, 1),
(9, 24, 1, 1),
(10, 24, 2, 1),
(11, 25, 1, 1),
(12, 25, 2, 1),
(13, 26, 1, 1),
(14, 26, 2, 1),
(15, 27, 1, 1),
(16, 27, 2, 1),
(17, 28, 1, 1),
(18, 28, 2, 1),
(19, 40, 1, 1),
(20, 40, 2, 2),
(21, 41, 1, 1),
(22, 41, 2, 2),
(23, 41, 1, 1),
(24, 41, 2, 2),
(25, 41, 1, 1),
(26, 41, 2, 2),
(27, 41, 1, 2),
(28, 41, 2, 2),
(29, 41, 1, 2),
(30, 41, 2, 2),
(31, 41, 1, 2),
(32, 41, 2, 2),
(33, 41, 1, 2),
(34, 41, 2, 2),
(35, 41, 1, 2),
(36, 41, 2, 2),
(37, 41, 1, 2),
(38, 41, 2, 2),
(39, 41, 1, 2),
(40, 41, 2, 2),
(41, 44, 1, 1),
(42, 44, 2, 1),
(43, 45, 1, 1),
(44, 45, 2, 1),
(45, 45, 1, 1),
(46, 45, 2, 1),
(47, 44, 1, 1),
(48, 44, 2, 1),
(49, 44, 1, 1),
(50, 44, 2, 1),
(51, 44, 1, 1),
(52, 44, 2, 1),
(53, 44, 1, 1),
(54, 44, 2, 1),
(55, 44, 1, 1),
(56, 44, 2, 1),
(57, 44, 1, 1),
(58, 44, 2, 1),
(59, 44, 1, 1),
(60, 44, 2, 1),
(61, 44, 1, 1),
(62, 44, 2, 1),
(63, 44, 1, 1),
(64, 44, 2, 1),
(65, 44, 1, 1),
(66, 44, 2, 1),
(67, 44, 1, 1),
(68, 44, 2, 1),
(69, 44, 1, 1),
(70, 44, 2, 1),
(71, 44, 1, 1),
(72, 44, 2, 1),
(73, 44, 1, 1),
(74, 44, 2, 1),
(75, 44, 1, 1),
(76, 44, 2, 1),
(77, 44, 1, 1),
(78, 44, 2, 1),
(79, 44, 1, 1),
(80, 44, 2, 1),
(81, 44, 1, 1),
(82, 44, 2, 1),
(83, 44, 1, 1),
(84, 44, 2, 1),
(85, 44, 1, 1),
(86, 44, 2, 1),
(87, 40, 1, 1),
(88, 40, 2, 2);

-- --------------------------------------------------------

--
-- Table structure for table `goods`
--

CREATE TABLE `goods` (
  `goods_id` int(11) NOT NULL,
  `brand_id` int(11) NOT NULL,
  `goods_name` varchar(50) NOT NULL,
  `goods_year` int(11) NOT NULL,
  `goods_price` varchar(50) NOT NULL,
  `goods_detail` varchar(255) NOT NULL,
  `goods_advert` varchar(255) NOT NULL,
  `goods_status` int(1) NOT NULL DEFAULT '0'
) ENGINE=InnoDB DEFAULT CHARSET=utf8;

--
-- Dumping data for table `goods`
--

INSERT INTO `goods` (`goods_id`, `brand_id`, `goods_name`, `goods_year`, `goods_price`, `goods_detail`, `goods_advert`, `goods_status`) VALUES
(5, 1, 'CAMRY', 0, '999', '', '', 0),
(6, 0, 'CAMRY', 0, '999', '', '', 0),
(7, 0, 'CAMRY', 0, '999', '', '', 0),
(8, 0, 'CAMRY', 0, '999', '', '', 0),
(9, 0, 'ACCORD', 0, '999', '', '', 0),
(10, 0, 'ACCORD', 0, '999', '', '', 0),
(11, 0, 'CIVIC', 0, '1212', '', '', 0),
(12, 0, 'CIVIC', 0, '1212', '', '', 0),
(13, 0, 'CIVIC', 0, '1212', '', '', 0),
(14, 0, 'CIVIC', 0, '1212', '', '', 0),
(15, 0, 'CIVIC', 0, '1212', '', '', 0),
(16, 0, 'CIVIC', 0, '1212', '', '', 0),
(17, 0, 'CIVIC', 0, '1212', '', '', 0),
(18, 0, 'CIVIC', 0, '1212', '', '', 2),
(19, 0, 'CIVIC', 0, '1212', '', '', 0),
(20, 0, 'CITY', 0, '123', '', '', 0),
(22, 0, '', 0, '123', '', '', 0),
(23, 0, 'test1', 0, '123', '', '', 1),
(36, 0, 'test1', 0, '123', '', '', 1),
(40, 0, 'JUKE', 2017, '8999999', 'detail', 'advert', 1),
(41, 3, 'MITSUBISHI', 2000, '900000', 'detail_up', 'advert_up', 1),
(42, 0, 'JUKE', 2017, '8999999', 'detail', 'advert', 1),
(43, 9, 'SUNNY NEO', 2017, '8999999', 'detail', 'advert', 1),
(44, 7, 'ISUZU', 2022, '123123123', 'รายละเอียด', 'โฆษณา', 1);

-- --------------------------------------------------------

--
-- Table structure for table `goods_chk_alloy`
--

CREATE TABLE `goods_chk_alloy` (
  `goods_chk_alloy_id` int(11) NOT NULL,
  `goods_chk_alloy_name` varchar(255) NOT NULL
) ENGINE=InnoDB DEFAULT CHARSET=utf8;

--
-- Dumping data for table `goods_chk_alloy`
--

INSERT INTO `goods_chk_alloy` (`goods_chk_alloy_id`, `goods_chk_alloy_name`) VALUES
(1, 'ด้านหน้าขวา'),
(2, 'ด้านหลังขวา'),
(3, 'ด้านหน้าซ้าย'),
(4, 'ด้านหลังซ้าย');

-- --------------------------------------------------------

--
-- Table structure for table `goods_chk_alloy_comment`
--

CREATE TABLE `goods_chk_alloy_comment` (
  `id` int(11) NOT NULL,
  `goods_id` int(11) NOT NULL,
  `goods_chk_alloy_id` int(11) NOT NULL,
  `goods_chk_comment` varchar(255) NOT NULL
) ENGINE=InnoDB DEFAULT CHARSET=utf8;

--
-- Dumping data for table `goods_chk_alloy_comment`
--

INSERT INTO `goods_chk_alloy_comment` (`id`, `goods_id`, `goods_chk_alloy_id`, `goods_chk_comment`) VALUES
(1, 0, 1, 'kkkk\r\n');

-- --------------------------------------------------------

--
-- Table structure for table `goods_chk_car_brand_symbol`
--

CREATE TABLE `goods_chk_car_brand_symbol` (
  `goods_chk_car_brand_symbol_id` int(11) NOT NULL,
  `goods_chk_car_brand_symbol_name` varchar(255) NOT NULL
) ENGINE=InnoDB DEFAULT CHARSET=utf8;

--
-- Dumping data for table `goods_chk_car_brand_symbol`
--

INSERT INTO `goods_chk_car_brand_symbol` (`goods_chk_car_brand_symbol_id`, `goods_chk_car_brand_symbol_name`) VALUES
(1, 'ด้านหน้า'),
(2, 'ด้านหลัง');

-- --------------------------------------------------------

--
-- Table structure for table `goods_chk_car_brand_symbol_comment`
--

CREATE TABLE `goods_chk_car_brand_symbol_comment` (
  `id` int(11) NOT NULL,
  `goods_id` int(11) NOT NULL,
  `goods_chk_car_brand_symbol_id` int(11) NOT NULL,
  `goods_chk_comment` varchar(255) NOT NULL
) ENGINE=InnoDB DEFAULT CHARSET=utf8;

-- --------------------------------------------------------

--
-- Table structure for table `goods_chk_car_door`
--

CREATE TABLE `goods_chk_car_door` (
  `goods_chk_car_door_id` int(11) NOT NULL,
  `goods_chk_car_door_name` varchar(255) NOT NULL
) ENGINE=InnoDB DEFAULT CHARSET=utf8;

--
-- Dumping data for table `goods_chk_car_door`
--

INSERT INTO `goods_chk_car_door` (`goods_chk_car_door_id`, `goods_chk_car_door_name`) VALUES
(1, 'ด้านหน้าขวา'),
(2, 'ด้านหลังขวา'),
(3, 'ด้านหน้าซ้าย'),
(4, 'ด้านหลังซ้าย');

-- --------------------------------------------------------

--
-- Table structure for table `goods_chk_car_door_comment`
--

CREATE TABLE `goods_chk_car_door_comment` (
  `id` int(11) NOT NULL,
  `goods_id` int(11) NOT NULL,
  `goods_chk_car_door_id` int(11) NOT NULL,
  `goods_chk_comment` varchar(255) NOT NULL
) ENGINE=InnoDB DEFAULT CHARSET=utf8;

-- --------------------------------------------------------

--
-- Table structure for table `goods_chk_car_floor`
--

CREATE TABLE `goods_chk_car_floor` (
  `goods_chk_car_floor_id` int(11) NOT NULL,
  `goods_chk_car_floor_name` varchar(255) NOT NULL
) ENGINE=InnoDB DEFAULT CHARSET=utf8;

--
-- Dumping data for table `goods_chk_car_floor`
--

INSERT INTO `goods_chk_car_floor` (`goods_chk_car_floor_id`, `goods_chk_car_floor_name`) VALUES
(1, 'พื้นรถ');

-- --------------------------------------------------------

--
-- Table structure for table `goods_chk_car_floor_comment`
--

CREATE TABLE `goods_chk_car_floor_comment` (
  `id` int(11) NOT NULL,
  `goods_id` int(11) NOT NULL,
  `goods_chk_car_floor_id` int(11) NOT NULL,
  `goods_chk_comment` varchar(255) NOT NULL
) ENGINE=InnoDB DEFAULT CHARSET=utf8;

-- --------------------------------------------------------

--
-- Table structure for table `goods_chk_car_frame`
--

CREATE TABLE `goods_chk_car_frame` (
  `goods_chk_car_frame_id` int(11) NOT NULL,
  `goods_chk_car_frame_name` varchar(255) NOT NULL
) ENGINE=InnoDB DEFAULT CHARSET=utf8;

--
-- Dumping data for table `goods_chk_car_frame`
--

INSERT INTO `goods_chk_car_frame` (`goods_chk_car_frame_id`, `goods_chk_car_frame_name`) VALUES
(1, 'เสา A ซ้าย'),
(2, 'เสา B ซ้าย'),
(3, 'เสา C ซ้าย'),
(4, 'เสา A ขวา'),
(5, 'เสา B ขวา'),
(6, 'เสา C ขวา');

-- --------------------------------------------------------

--
-- Table structure for table `goods_chk_car_frame_comment`
--

CREATE TABLE `goods_chk_car_frame_comment` (
  `id` int(11) NOT NULL,
  `goods_id` int(11) NOT NULL,
  `goods_chk_car_frame_id` int(11) NOT NULL,
  `goods_chk_comment` varchar(255) NOT NULL
) ENGINE=InnoDB DEFAULT CHARSET=utf8;

-- --------------------------------------------------------

--
-- Table structure for table `goods_chk_car_lights`
--

CREATE TABLE `goods_chk_car_lights` (
  `goods_chk_car_lights_id` int(11) NOT NULL,
  `goods_chk_car_lights_name` varchar(255) NOT NULL
) ENGINE=InnoDB DEFAULT CHARSET=utf8;

--
-- Dumping data for table `goods_chk_car_lights`
--

INSERT INTO `goods_chk_car_lights` (`goods_chk_car_lights_id`, `goods_chk_car_lights_name`) VALUES
(1, 'ไฟในรถ');

-- --------------------------------------------------------

--
-- Table structure for table `goods_chk_car_lights_comment`
--

CREATE TABLE `goods_chk_car_lights_comment` (
  `id` int(11) NOT NULL,
  `goods_id` int(11) NOT NULL,
  `goods_chk_car_lights_id` int(11) NOT NULL,
  `goods_chk_comment` varchar(255) NOT NULL
) ENGINE=InnoDB DEFAULT CHARSET=utf8;

-- --------------------------------------------------------

--
-- Table structure for table `goods_chk_car_roof`
--

CREATE TABLE `goods_chk_car_roof` (
  `goods_chk_car_roof_id` int(11) NOT NULL,
  `goods_chk_car_roof_name` varchar(255) NOT NULL
) ENGINE=InnoDB DEFAULT CHARSET=utf8;

--
-- Dumping data for table `goods_chk_car_roof`
--

INSERT INTO `goods_chk_car_roof` (`goods_chk_car_roof_id`, `goods_chk_car_roof_name`) VALUES
(1, 'หลังคารถ');

-- --------------------------------------------------------

--
-- Table structure for table `goods_chk_car_roof_comment`
--

CREATE TABLE `goods_chk_car_roof_comment` (
  `goods_id` int(11) NOT NULL,
  `goods_chk_car_roof_id` int(11) NOT NULL,
  `goods_chk_comment` varchar(255) NOT NULL
) ENGINE=InnoDB DEFAULT CHARSET=utf8;

-- --------------------------------------------------------

--
-- Table structure for table `goods_chk_ceiling`
--

CREATE TABLE `goods_chk_ceiling` (
  `goods_chk_ceiling_id` int(11) NOT NULL,
  `goods_chk_ceiling_name` varchar(255) NOT NULL
) ENGINE=InnoDB DEFAULT CHARSET=utf8;

--
-- Dumping data for table `goods_chk_ceiling`
--

INSERT INTO `goods_chk_ceiling` (`goods_chk_ceiling_id`, `goods_chk_ceiling_name`) VALUES
(1, 'เพดาน');

-- --------------------------------------------------------

--
-- Table structure for table `goods_chk_ceiling_comment`
--

CREATE TABLE `goods_chk_ceiling_comment` (
  `goods_id` int(11) NOT NULL,
  `goods_chk_ceiling_id` int(11) NOT NULL,
  `goods_chk_comment` varchar(255) NOT NULL
) ENGINE=InnoDB DEFAULT CHARSET=utf8;

-- --------------------------------------------------------

--
-- Table structure for table `goods_chk_ceiling_light`
--

CREATE TABLE `goods_chk_ceiling_light` (
  `goods_chk_ceiling_light_id` int(11) NOT NULL,
  `goods_chk_ceiling_light_name` varchar(255) NOT NULL
) ENGINE=InnoDB DEFAULT CHARSET=utf8;

--
-- Dumping data for table `goods_chk_ceiling_light`
--

INSERT INTO `goods_chk_ceiling_light` (`goods_chk_ceiling_light_id`, `goods_chk_ceiling_light_name`) VALUES
(1, 'ไฟเพดาน');

-- --------------------------------------------------------

--
-- Table structure for table `goods_chk_ceiling_light_comment`
--

CREATE TABLE `goods_chk_ceiling_light_comment` (
  `goods_id` int(11) NOT NULL,
  `goods_chk_ceiling_light_id` int(11) NOT NULL,
  `goods_chk_comment` varchar(255) NOT NULL
) ENGINE=InnoDB DEFAULT CHARSET=utf8;

-- --------------------------------------------------------

--
-- Table structure for table `goods_chk_cooling_system`
--

CREATE TABLE `goods_chk_cooling_system` (
  `goods_chk_cooling_system_id` int(11) NOT NULL,
  `goods_chk_cooling_system_name` varchar(255) NOT NULL
) ENGINE=InnoDB DEFAULT CHARSET=utf8;

--
-- Dumping data for table `goods_chk_cooling_system`
--

INSERT INTO `goods_chk_cooling_system` (`goods_chk_cooling_system_id`, `goods_chk_cooling_system_name`) VALUES
(1, 'ระบบทำความเย็น');

-- --------------------------------------------------------

--
-- Table structure for table `goods_chk_cooling_system_comment`
--

CREATE TABLE `goods_chk_cooling_system_comment` (
  `goods_id` int(11) NOT NULL,
  `goods_chk_cooling_system_id` int(11) NOT NULL,
  `goods_chk_comment` varchar(255) NOT NULL
) ENGINE=InnoDB DEFAULT CHARSET=utf8;

--
-- Dumping data for table `goods_chk_cooling_system_comment`
--

INSERT INTO `goods_chk_cooling_system_comment` (`goods_id`, `goods_chk_cooling_system_id`, `goods_chk_comment`) VALUES
(44, 1, 'กำลังนำเข้าอุปกรณ์'),
(44, 1, 'กำลังรำเข้า'),
(44, 1, 'กำลังนำเข้าอุปกรณ์'),
(44, 1, 'กำลังนำเข้าอุปกรณ์'),
(44, 1, 'กำลังนำเข้าอุปกรณ์'),
(44, 1, 'กำลังนำเข้าอุปกรณ์'),
(44, 1, 'กำลังนำเข้าอุปกรณ์'),
(44, 1, 'กำลังนำเข้าอุปกรณ์'),
(44, 1, 'กำลังนำเข้าอุปกรณ์'),
(44, 1, 'กำลังนำเข้าอุปกรณ์'),
(44, 1, 'กำลังนำเข้าอุปกรณ์');

-- --------------------------------------------------------

--
-- Table structure for table `goods_chk_engine_and_gear`
--

CREATE TABLE `goods_chk_engine_and_gear` (
  `goods_chk_engine_and_gear_id` int(11) NOT NULL,
  `goods_chk_engine_and_gear_name` varchar(255) NOT NULL
) ENGINE=InnoDB DEFAULT CHARSET=utf8;

--
-- Dumping data for table `goods_chk_engine_and_gear`
--

INSERT INTO `goods_chk_engine_and_gear` (`goods_chk_engine_and_gear_id`, `goods_chk_engine_and_gear_name`) VALUES
(1, 'การเผาไหม้ของเครื่องยนต์'),
(2, 'เครื่องกำเนินไฟฟ้า ไดชาร์ท');

-- --------------------------------------------------------

--
-- Table structure for table `goods_chk_engine_and_gear_comment`
--

CREATE TABLE `goods_chk_engine_and_gear_comment` (
  `goods_id` int(11) NOT NULL,
  `goods_chk_engine_and_gear_id` int(11) NOT NULL,
  `goods_chk_comment` varchar(255) NOT NULL
) ENGINE=InnoDB DEFAULT CHARSET=utf8;

-- --------------------------------------------------------

--
-- Table structure for table `goods_chk_engine_compartment_wall`
--

CREATE TABLE `goods_chk_engine_compartment_wall` (
  `goods_chk_engine_compartment_wall_id` int(11) NOT NULL,
  `goods_chk_engine_compartment_wall_name` varchar(255) NOT NULL
) ENGINE=InnoDB DEFAULT CHARSET=utf8;

--
-- Dumping data for table `goods_chk_engine_compartment_wall`
--

INSERT INTO `goods_chk_engine_compartment_wall` (`goods_chk_engine_compartment_wall_id`, `goods_chk_engine_compartment_wall_name`) VALUES
(1, 'ผนังของห้องเครื่อง');

-- --------------------------------------------------------

--
-- Table structure for table `goods_chk_engine_compartment_wall_comment`
--

CREATE TABLE `goods_chk_engine_compartment_wall_comment` (
  `goods_id` int(11) NOT NULL,
  `goods_chk_engine_compartment_wall_id` int(11) NOT NULL,
  `goods_chk_comment` varchar(255) NOT NULL
) ENGINE=InnoDB DEFAULT CHARSET=utf8;

-- --------------------------------------------------------

--
-- Table structure for table `goods_chk_entertainment_control_system`
--

CREATE TABLE `goods_chk_entertainment_control_system` (
  `goods_chk_entertainment_control_system_id` int(11) NOT NULL,
  `goods_chk_entertainment_control_system_name` varchar(255) NOT NULL
) ENGINE=InnoDB DEFAULT CHARSET=utf8;

--
-- Dumping data for table `goods_chk_entertainment_control_system`
--

INSERT INTO `goods_chk_entertainment_control_system` (`goods_chk_entertainment_control_system_id`, `goods_chk_entertainment_control_system_name`) VALUES
(1, 'ระบบควบคุมสาระบันเทิง');

-- --------------------------------------------------------

--
-- Table structure for table `goods_chk_entertainment_control_system_comment`
--

CREATE TABLE `goods_chk_entertainment_control_system_comment` (
  `goods_id` int(11) NOT NULL,
  `goods_chk_entertainment_control_system_id` int(11) NOT NULL,
  `goods_chk_comment` varchar(255) NOT NULL
) ENGINE=InnoDB DEFAULT CHARSET=utf8;

-- --------------------------------------------------------

--
-- Table structure for table `goods_chk_fog_lamp`
--

CREATE TABLE `goods_chk_fog_lamp` (
  `goods_chk_fog_lamp_id` int(11) NOT NULL,
  `goods_chk_fog_lamp_name` varchar(255) NOT NULL
) ENGINE=InnoDB DEFAULT CHARSET=utf8;

--
-- Dumping data for table `goods_chk_fog_lamp`
--

INSERT INTO `goods_chk_fog_lamp` (`goods_chk_fog_lamp_id`, `goods_chk_fog_lamp_name`) VALUES
(1, 'ด้านหน้าซ้าย'),
(2, 'ด้านหน้าขวา');

-- --------------------------------------------------------

--
-- Table structure for table `goods_chk_fog_lamp_comment`
--

CREATE TABLE `goods_chk_fog_lamp_comment` (
  `goods_id` int(11) NOT NULL,
  `goods_chk_fog_lamp_id` int(11) NOT NULL,
  `goods_chk_comment` varchar(255) NOT NULL
) ENGINE=InnoDB DEFAULT CHARSET=utf8;

-- --------------------------------------------------------

--
-- Table structure for table `goods_chk_front_beam`
--

CREATE TABLE `goods_chk_front_beam` (
  `goods_chk_front_beam_id` int(11) NOT NULL,
  `goods_chk_front_beam_name` varchar(255) NOT NULL
) ENGINE=InnoDB DEFAULT CHARSET=utf8;

--
-- Dumping data for table `goods_chk_front_beam`
--

INSERT INTO `goods_chk_front_beam` (`goods_chk_front_beam_id`, `goods_chk_front_beam_name`) VALUES
(1, 'คานหน้ารถ');

-- --------------------------------------------------------

--
-- Table structure for table `goods_chk_front_beam_comment`
--

CREATE TABLE `goods_chk_front_beam_comment` (
  `goods_id` int(11) NOT NULL,
  `goods_chk_front_beam_id` int(11) NOT NULL,
  `goods_chk_comment` varchar(255) NOT NULL
) ENGINE=InnoDB DEFAULT CHARSET=utf8;

-- --------------------------------------------------------

--
-- Table structure for table `goods_chk_front_fender`
--

CREATE TABLE `goods_chk_front_fender` (
  `goods_chk_front_fender_id` int(11) NOT NULL,
  `goods_chk_front_fender_name` varchar(255) NOT NULL
) ENGINE=InnoDB DEFAULT CHARSET=utf8;

--
-- Dumping data for table `goods_chk_front_fender`
--

INSERT INTO `goods_chk_front_fender` (`goods_chk_front_fender_id`, `goods_chk_front_fender_name`) VALUES
(1, 'ข้างซ้าย'),
(2, 'ข้างขวา');

-- --------------------------------------------------------

--
-- Table structure for table `goods_chk_front_fender_comment`
--

CREATE TABLE `goods_chk_front_fender_comment` (
  `goods_id` int(11) NOT NULL,
  `goods_chk_front_fender_id` int(11) NOT NULL,
  `goods_chk_comment` varchar(255) NOT NULL
) ENGINE=InnoDB DEFAULT CHARSET=utf8;

-- --------------------------------------------------------

--
-- Table structure for table `goods_chk_front_light`
--

CREATE TABLE `goods_chk_front_light` (
  `goods_chk_front_light_id` int(11) NOT NULL,
  `goods_chk_front_light_name` varchar(255) NOT NULL
) ENGINE=InnoDB DEFAULT CHARSET=utf8;

--
-- Dumping data for table `goods_chk_front_light`
--

INSERT INTO `goods_chk_front_light` (`goods_chk_front_light_id`, `goods_chk_front_light_name`) VALUES
(1, 'หน้าซ้าย'),
(2, 'หน้าขวา');

-- --------------------------------------------------------

--
-- Table structure for table `goods_chk_front_light_comment`
--

CREATE TABLE `goods_chk_front_light_comment` (
  `goods_id` int(11) NOT NULL,
  `goods_chk_front_light_id` int(11) NOT NULL,
  `goods_chk_comment` varchar(255) NOT NULL
) ENGINE=InnoDB DEFAULT CHARSET=utf8;

--
-- Dumping data for table `goods_chk_front_light_comment`
--

INSERT INTO `goods_chk_front_light_comment` (`goods_id`, `goods_chk_front_light_id`, `goods_chk_comment`) VALUES
(41, 2, 'กระจกขวาแตก'),
(0, 2, 'กระจกขวาแตก'),
(0, 2, 'กระจกขวาแตก'),
(0, 2, 'กระจกขวาแตก'),
(0, 2, 'กระจกขวาแตก'),
(0, 2, 'กระจกขวาแตก'),
(0, 2, 'กระจกขวาแตก'),
(0, 2, 'กระจกขวาแตก'),
(0, 2, 'กระจกขวาแตก'),
(0, 2, 'กระจกขวาแตก'),
(0, 2, 'กระจกขวาแตก'),
(0, 2, 'กระจกขวาแตก'),
(0, 2, 'กระจกขวาแตก'),
(0, 2, 'กระจกขวาแตก'),
(0, 2, 'กระจกขวาแตก'),
(0, 2, 'กระจกขวาแตก'),
(0, 2, 'กระจกขวาแตก'),
(0, 2, 'กระจกขวาแตก'),
(0, 2, 'กระจกขวาแตก'),
(0, 2, 'กระจกขวาแตก'),
(0, 2, 'กระจกขวาแตก'),
(0, 2, 'กระจกขวาแตก'),
(0, 2, 'กระจกขวาแตก'),
(0, 2, 'กระจกขวาแตก'),
(0, 2, 'กระจกขวาแตก'),
(0, 2, 'กระจกขวาแตก'),
(0, 2, 'กระจกขวาแตก'),
(0, 2, 'กระจกขวาแตก'),
(0, 2, 'กระจกขวาแตก'),
(0, 2, 'กระจกขวาแตก'),
(0, 2, 'กระจกขวาแตก'),
(0, 2, 'กระจกขวาแตก'),
(0, 2, 'กระจกขวาแตก'),
(0, 2, 'กระจกขวาแตก'),
(0, 2, 'กระจกขวาแตก'),
(0, 2, 'กระจกขวาแตก'),
(0, 2, 'กระจกขวาแตก'),
(0, 2, 'กระจกขวาแตก'),
(0, 2, 'กระจกขวาแตก'),
(0, 2, 'กระจกขวาแตก'),
(0, 2, 'กระจกขวาแตก'),
(0, 2, 'กระจกขวาแตก'),
(0, 2, 'กระจกขวาแตก'),
(0, 2, 'กระจกขวาแตก'),
(0, 2, 'กระจกขวาแตก'),
(0, 2, 'กระจกขวาแตก'),
(0, 2, 'กระจกขวาแตก'),
(0, 2, 'กระจกขวาแตก'),
(0, 2, 'กระจกขวาแตก'),
(0, 2, 'กระจกขวาแตก'),
(0, 2, 'กระจกขวาแตก'),
(0, 2, 'กระจกขวาแตก'),
(0, 2, 'กระจกขวาแตก'),
(0, 2, 'กระจกขวาแตก'),
(0, 2, 'กระจกขวาแตก'),
(0, 2, 'กระจกขวาแตก'),
(0, 2, 'กระจกขวาแตก'),
(0, 2, 'กระจกขวาแตก'),
(0, 2, 'กระจกขวาแตก'),
(0, 2, 'กระจกขวาแตก'),
(0, 2, 'กระจกขวาแตก'),
(0, 2, 'กระจกขวาแตก'),
(0, 2, 'กระจกขวาแตก'),
(0, 2, 'กระจกขวาแตก'),
(0, 2, 'กระจกขวาแตก'),
(0, 2, 'กระจกขวาแตก'),
(0, 2, 'กระจกขวาแตก'),
(0, 2, 'กระจกขวาแตก'),
(0, 2, 'กระจกขวาแตก'),
(0, 2, 'กระจกขวาแตก'),
(0, 2, 'กระจกขวาแตก'),
(0, 2, 'กระจกขวาแตก'),
(0, 2, 'กระจกขวาแตก'),
(0, 2, 'กระจกขวาแตก'),
(0, 2, 'กระจกขวาแตก'),
(0, 2, 'กระจกขวาแตก'),
(0, 2, 'กระจกขวาแตก'),
(0, 2, 'กระจกขวาแตก'),
(0, 2, 'กระจกขวาแตก'),
(0, 2, 'กระจกขวาแตก'),
(0, 2, 'กระจกขวาแตก'),
(0, 2, 'กระจกขวาแตก'),
(0, 2, 'กระจกขวาแตก'),
(0, 2, 'กระจกขวาแตก'),
(0, 2, 'กระจกขวาแตก'),
(0, 2, 'กระจกขวาแตก'),
(0, 2, 'กระจกขวาแตก'),
(0, 2, 'กระจกขวาแตก'),
(0, 2, 'กระจกขวาแตก'),
(0, 2, 'กระจกขวาแตก'),
(0, 2, 'กระจกขวาแตก'),
(0, 2, 'กระจกขวาแตก'),
(0, 2, 'กระจกขวาแตก'),
(0, 2, 'กระจกขวาแตก'),
(0, 2, 'กระจกขวาแตก'),
(0, 2, 'กระจกขวาแตก'),
(0, 2, 'กระจกขวาแตก'),
(0, 2, 'กระจกขวาแตก'),
(0, 2, 'กระจกขวาแตก'),
(0, 2, 'กระจกขวาแตก'),
(0, 2, 'กระจกขวาแตก'),
(0, 2, 'กระจกขวาแตก'),
(0, 2, 'กระจกขวาแตก'),
(0, 2, 'กระจกขวาแตก'),
(0, 2, 'กระจกขวาแตก'),
(0, 2, 'กระจกขวาแตก'),
(0, 2, 'กระจกขวาแตก'),
(0, 2, 'กระจกขวาแตก'),
(0, 2, 'กระจกขวาแตก'),
(0, 2, 'กระจกขวาแตก'),
(0, 2, 'กระจกขวาแตก'),
(0, 2, 'กระจกขวาแตก'),
(0, 2, 'กระจกขวาแตก'),
(0, 2, 'กระจกขวาแตก'),
(0, 2, 'กระจกขวาแตก'),
(0, 2, 'กระจกขวาแตก'),
(0, 2, 'กระจกขวาแตก'),
(0, 2, 'กระจกขวาแตก'),
(0, 2, 'กระจกขวาแตก'),
(0, 2, 'กระจกขวาแตก'),
(0, 2, 'กระจกขวาแตก'),
(41, 2, 'กระจกขวาแตก'),
(41, 2, 'กระจกขวาแตก'),
(41, 2, 'กระจกขวาแตก'),
(41, 2, 'กระจกขวาแตก'),
(41, 2, 'กระจกขวาแตก'),
(41, 2, 'กระจกขวาแตก'),
(41, 2, 'กระจกขวาแตก'),
(41, 2, 'กระจกขวาแตก'),
(41, 2, 'กระจกขวาแตก'),
(41, 2, 'กระจกขวาแตก'),
(41, 2, 'กระจกขวาแตก'),
(41, 2, 'กระจกขวาแตก'),
(41, 2, 'กระจกขวาแตก'),
(41, 2, 'กระจกขวาแตก'),
(41, 2, 'กระจกขวาแตก'),
(41, 2, 'กระจกขวาแตก'),
(41, 2, 'กระจกขวาแตก'),
(41, 2, 'กระจกขวาแตก'),
(41, 2, 'กระจกขวาแตก'),
(41, 2, 'กระจกขวาแตก'),
(41, 2, 'กระจกขวาแตก'),
(41, 2, 'กระจกขวาแตก'),
(41, 2, 'กระจกขวาแตก'),
(41, 2, 'กระจกขวาแตก'),
(41, 2, 'กระจกขวาแตก'),
(41, 2, 'กระจกขวาแตก'),
(41, 2, 'กระจกขวาแตก'),
(41, 2, 'กระจกขวาแตก'),
(41, 2, 'กระจกขวาแตก'),
(41, 2, 'กระจกขวาแตก'),
(41, 2, 'กระจกขวาแตก'),
(41, 2, 'กระจกขวาแตก'),
(41, 2, 'กระจกขวาแตก'),
(41, 2, 'กระจกขวาแตก'),
(41, 2, 'กระจกขวาแตก'),
(41, 2, 'กระจกขวาแตก'),
(41, 2, 'กระจกขวาแตก'),
(41, 2, 'กระจกขวาแตก'),
(41, 2, 'กระจกขวาแตก'),
(41, 2, 'กระจกขวาแตก'),
(41, 2, 'กระจกขวาแตก');

-- --------------------------------------------------------

--
-- Table structure for table `goods_chk_handbrake`
--

CREATE TABLE `goods_chk_handbrake` (
  `goods_chk_handbrake_id` int(11) NOT NULL,
  `goods_chk_handbrake_name` varchar(255) NOT NULL
) ENGINE=InnoDB DEFAULT CHARSET=utf8;

--
-- Dumping data for table `goods_chk_handbrake`
--

INSERT INTO `goods_chk_handbrake` (`goods_chk_handbrake_id`, `goods_chk_handbrake_name`) VALUES
(1, 'เบรกมือ');

-- --------------------------------------------------------

--
-- Table structure for table `goods_chk_handbrake_comment`
--

CREATE TABLE `goods_chk_handbrake_comment` (
  `goods_id` int(11) NOT NULL,
  `goods_chk_handbrake_id` int(11) NOT NULL,
  `goods_chk_comment` varchar(255) NOT NULL
) ENGINE=InnoDB DEFAULT CHARSET=utf8;

-- --------------------------------------------------------

--
-- Table structure for table `goods_chk_handrail`
--

CREATE TABLE `goods_chk_handrail` (
  `goods_chk_handrail_id` int(11) NOT NULL,
  `goods_chk_handrail_name` varchar(255) NOT NULL
) ENGINE=InnoDB DEFAULT CHARSET=utf8;

--
-- Dumping data for table `goods_chk_handrail`
--

INSERT INTO `goods_chk_handrail` (`goods_chk_handrail_id`, `goods_chk_handrail_name`) VALUES
(1, 'ข้างซ้าย'),
(2, 'ข้างขวา');

-- --------------------------------------------------------

--
-- Table structure for table `goods_chk_handrail_comment`
--

CREATE TABLE `goods_chk_handrail_comment` (
  `goods_id` int(11) NOT NULL,
  `goods_chk_handrail_id` int(11) NOT NULL,
  `goods_chk_comment` varchar(255) NOT NULL
) ENGINE=InnoDB DEFAULT CHARSET=utf8;

-- --------------------------------------------------------

--
-- Table structure for table `goods_chk_instrument_panel`
--

CREATE TABLE `goods_chk_instrument_panel` (
  `goods_chk_instrument_panel_id` int(11) NOT NULL,
  `goods_chk_instrument_panel_name` varchar(255) NOT NULL
) ENGINE=InnoDB DEFAULT CHARSET=utf8;

--
-- Dumping data for table `goods_chk_instrument_panel`
--

INSERT INTO `goods_chk_instrument_panel` (`goods_chk_instrument_panel_id`, `goods_chk_instrument_panel_name`) VALUES
(1, 'แผงหน้าปัด');

-- --------------------------------------------------------

--
-- Table structure for table `goods_chk_instrument_panel_comment`
--

CREATE TABLE `goods_chk_instrument_panel_comment` (
  `goods_id` int(11) NOT NULL,
  `goods_chk_instrument_panel_id` int(11) NOT NULL,
  `goods_chk_comment` varchar(255) NOT NULL
) ENGINE=InnoDB DEFAULT CHARSET=utf8;

-- --------------------------------------------------------

--
-- Table structure for table `goods_chk_lock_system`
--

CREATE TABLE `goods_chk_lock_system` (
  `goods_chk_lock_system_id` int(11) NOT NULL,
  `goods_chk_lock_system_name` varchar(255) NOT NULL
) ENGINE=InnoDB DEFAULT CHARSET=utf8;

--
-- Dumping data for table `goods_chk_lock_system`
--

INSERT INTO `goods_chk_lock_system` (`goods_chk_lock_system_id`, `goods_chk_lock_system_name`) VALUES
(1, 'ระบบล็อค');

-- --------------------------------------------------------

--
-- Table structure for table `goods_chk_lock_system_comment`
--

CREATE TABLE `goods_chk_lock_system_comment` (
  `goods_id` int(11) NOT NULL,
  `goods_chk_lock_system_id` int(11) NOT NULL,
  `goods_chk_comment` varchar(255) NOT NULL
) ENGINE=InnoDB DEFAULT CHARSET=utf8;

-- --------------------------------------------------------

--
-- Table structure for table `goods_chk_multimedia_system`
--

CREATE TABLE `goods_chk_multimedia_system` (
  `goods_chk_multimedia_system_id` int(11) NOT NULL,
  `goods_chk_multimedia_system_name` varchar(255) NOT NULL
) ENGINE=InnoDB DEFAULT CHARSET=utf8;

--
-- Dumping data for table `goods_chk_multimedia_system`
--

INSERT INTO `goods_chk_multimedia_system` (`goods_chk_multimedia_system_id`, `goods_chk_multimedia_system_name`) VALUES
(1, 'ระบบมัลติมีเดีย');

-- --------------------------------------------------------

--
-- Table structure for table `goods_chk_multimedia_system_comment`
--

CREATE TABLE `goods_chk_multimedia_system_comment` (
  `goods_id` int(11) NOT NULL,
  `goods_chk_multimedia_system_id` int(11) NOT NULL,
  `goods_chk_comment` varchar(255) NOT NULL
) ENGINE=InnoDB DEFAULT CHARSET=utf8;

-- --------------------------------------------------------

--
-- Table structure for table `goods_chk_outside`
--

CREATE TABLE `goods_chk_outside` (
  `goods_chk_outside_id` int(11) NOT NULL,
  `goods_chk_outside_name` varchar(255) NOT NULL
) ENGINE=InnoDB DEFAULT CHARSET=utf8;

--
-- Dumping data for table `goods_chk_outside`
--

INSERT INTO `goods_chk_outside` (`goods_chk_outside_id`, `goods_chk_outside_name`) VALUES
(1, 'กันชน\r\n'),
(2, 'ด้านหน้า'),
(3, 'ด้านหลัง'),
(4, 'ตะแกรงหน้า');

-- --------------------------------------------------------

--
-- Table structure for table `goods_chk_outside_comment`
--

CREATE TABLE `goods_chk_outside_comment` (
  `goods_id` int(11) NOT NULL,
  `goods_chk_outside_id` int(11) NOT NULL,
  `goods_chk_comment` varchar(255) NOT NULL
) ENGINE=InnoDB DEFAULT CHARSET=utf8;

--
-- Dumping data for table `goods_chk_outside_comment`
--

INSERT INTO `goods_chk_outside_comment` (`goods_id`, `goods_chk_outside_id`, `goods_chk_comment`) VALUES
(1, 1, 'crack'),
(0, 1, 'กันชนพังจ้า'),
(21, 1, 'กันชนพังจ้า'),
(40, 2, 'กระจกหน้ารถไม่มี'),
(41, 1, 'crack'),
(0, 1, 'crack'),
(0, 1, 'crack'),
(0, 1, 'crack'),
(0, 1, 'crack'),
(0, 1, 'crack'),
(0, 1, 'crack'),
(0, 1, 'crack'),
(0, 1, 'crack'),
(0, 1, 'crack'),
(0, 1, 'crack'),
(0, 1, 'crack'),
(0, 1, 'crack'),
(0, 1, 'crack'),
(0, 1, 'crack'),
(0, 1, 'crack'),
(0, 1, 'crack'),
(0, 1, 'crack'),
(0, 1, 'crack'),
(0, 1, 'crack'),
(0, 1, 'crack'),
(0, 1, 'crack'),
(0, 1, 'crack'),
(0, 1, 'crack'),
(0, 1, 'crack'),
(0, 1, 'crack'),
(0, 1, 'crack'),
(0, 1, 'crack'),
(0, 1, 'crack'),
(0, 1, 'crack'),
(0, 1, 'crack'),
(0, 1, 'crack'),
(0, 1, 'crack'),
(0, 1, 'crack'),
(0, 1, 'crack'),
(0, 1, 'crack'),
(0, 1, 'crack'),
(0, 1, 'crack'),
(0, 1, 'crack'),
(0, 1, 'crack'),
(0, 1, 'crack'),
(0, 1, 'crack'),
(0, 1, 'crack'),
(0, 1, 'crack'),
(0, 1, 'crack'),
(0, 1, 'crack'),
(0, 1, 'crack'),
(0, 1, 'crack'),
(0, 1, 'crack'),
(0, 1, 'crack'),
(0, 1, 'crack'),
(0, 1, 'crack'),
(0, 1, 'crack'),
(0, 1, 'crack'),
(0, 1, 'crack'),
(0, 1, 'crack'),
(0, 1, 'crack'),
(0, 1, 'crack'),
(0, 1, 'crack'),
(0, 1, 'crack'),
(0, 1, 'crack'),
(0, 1, 'crack'),
(0, 1, 'crack'),
(0, 1, 'crack'),
(0, 1, 'crack'),
(0, 1, 'crack'),
(0, 1, 'crack'),
(0, 1, 'crack'),
(0, 1, 'crack'),
(0, 1, 'crack'),
(0, 1, 'crack'),
(0, 1, 'crack'),
(0, 1, 'crack'),
(0, 1, 'crack'),
(0, 1, 'crack'),
(0, 1, 'crack'),
(41, 1, 'crack'),
(41, 1, 'crack'),
(41, 1, 'crack'),
(41, 1, 'crack'),
(41, 1, 'crack'),
(41, 1, 'crack'),
(41, 1, 'crack'),
(41, 1, 'crack'),
(41, 1, 'crack'),
(41, 1, 'crack'),
(41, 1, 'crack'),
(41, 1, 'crack'),
(41, 1, 'crack'),
(41, 1, 'crack'),
(41, 1, 'crack'),
(41, 1, 'crack'),
(41, 1, 'crack'),
(41, 1, 'crack'),
(41, 1, 'crack'),
(41, 1, 'crack'),
(41, 1, 'crack'),
(41, 1, 'crack'),
(41, 1, 'crack'),
(41, 1, 'crack'),
(41, 1, 'ล่าสุด'),
(41, 1, 'crack'),
(41, 1, 'crack'),
(41, 1, 'crack'),
(41, 1, 'crack'),
(40, 2, 'กระจกหน้ารถไม่มี');

-- --------------------------------------------------------

--
-- Table structure for table `goods_chk_powertrain`
--

CREATE TABLE `goods_chk_powertrain` (
  `goods_chk_powertrain_id` int(11) NOT NULL,
  `goods_chk_powertrain_name` varchar(255) NOT NULL
) ENGINE=InnoDB DEFAULT CHARSET=utf8;

--
-- Dumping data for table `goods_chk_powertrain`
--

INSERT INTO `goods_chk_powertrain` (`goods_chk_powertrain_id`, `goods_chk_powertrain_name`) VALUES
(1, 'ระบบบังคับเลี้ยว'),
(2, 'เพลารถ'),
(3, 'โครงรับหม้อน้ำ'),
(4, 'ถุงลมนิรภัย'),
(5, 'ระบบเบรก');

-- --------------------------------------------------------

--
-- Table structure for table `goods_chk_powertrain_comment`
--

CREATE TABLE `goods_chk_powertrain_comment` (
  `goods_id` int(11) NOT NULL,
  `goods_chk_powertrain_id` int(11) NOT NULL,
  `goods_chk_comment` varchar(255) NOT NULL
) ENGINE=InnoDB DEFAULT CHARSET=utf8;

-- --------------------------------------------------------

--
-- Table structure for table `goods_chk_rear_fender`
--

CREATE TABLE `goods_chk_rear_fender` (
  `goods_chk_rear_fender_id` int(11) NOT NULL,
  `goods_chk_rear_fender_name` varchar(255) NOT NULL
) ENGINE=InnoDB DEFAULT CHARSET=utf8;

--
-- Dumping data for table `goods_chk_rear_fender`
--

INSERT INTO `goods_chk_rear_fender` (`goods_chk_rear_fender_id`, `goods_chk_rear_fender_name`) VALUES
(1, 'ข้างซ้าย'),
(2, 'ข้างขวา');

-- --------------------------------------------------------

--
-- Table structure for table `goods_chk_rear_fender_comment`
--

CREATE TABLE `goods_chk_rear_fender_comment` (
  `goods_id` int(11) NOT NULL,
  `goods_chk_rear_fender_id` int(11) NOT NULL,
  `goods_chk_comment` varchar(255) NOT NULL
) ENGINE=InnoDB DEFAULT CHARSET=utf8;

-- --------------------------------------------------------

--
-- Table structure for table `goods_chk_ruby_bumper`
--

CREATE TABLE `goods_chk_ruby_bumper` (
  `goods_chk_ruby_bumper_id` int(11) NOT NULL,
  `goods_chk_ruby_bumper_name` varchar(255) NOT NULL
) ENGINE=InnoDB DEFAULT CHARSET=utf8;

--
-- Dumping data for table `goods_chk_ruby_bumper`
--

INSERT INTO `goods_chk_ruby_bumper` (`goods_chk_ruby_bumper_id`, `goods_chk_ruby_bumper_name`) VALUES
(1, 'ด้านหลังซ้าย'),
(2, 'ด้านหลังขวา'),
(3, 'ฝากระโปรง');

-- --------------------------------------------------------

--
-- Table structure for table `goods_chk_ruby_bumper_comment`
--

CREATE TABLE `goods_chk_ruby_bumper_comment` (
  `goods_id` int(11) NOT NULL,
  `goods_chk_ruby_bumper_id` int(11) NOT NULL,
  `goods_chk_comment` varchar(255) NOT NULL
) ENGINE=InnoDB DEFAULT CHARSET=utf8;

-- --------------------------------------------------------

--
-- Table structure for table `goods_chk_seat`
--

CREATE TABLE `goods_chk_seat` (
  `goods_chk_seat_id` int(11) NOT NULL,
  `goods_chk_seat_name` varchar(255) NOT NULL
) ENGINE=InnoDB DEFAULT CHARSET=utf8;

--
-- Dumping data for table `goods_chk_seat`
--

INSERT INTO `goods_chk_seat` (`goods_chk_seat_id`, `goods_chk_seat_name`) VALUES
(1, 'ด้านหน้าขวา'),
(2, 'ด้านหน้าซ้าย'),
(3, 'แถวสองข้างขวา'),
(4, 'แถวสองข้างซ้าย');

-- --------------------------------------------------------

--
-- Table structure for table `goods_chk_seat_comment`
--

CREATE TABLE `goods_chk_seat_comment` (
  `goods_id` int(11) NOT NULL,
  `goods_chk_seat_id` int(11) NOT NULL,
  `goods_chk_comment` varchar(255) NOT NULL
) ENGINE=InnoDB DEFAULT CHARSET=utf8;

-- --------------------------------------------------------

--
-- Table structure for table `goods_chk_shock_absorber`
--

CREATE TABLE `goods_chk_shock_absorber` (
  `goods_chk_shock_absorber_id` int(11) NOT NULL,
  `goods_chk_shock_absorber_name` varchar(255) NOT NULL
) ENGINE=InnoDB DEFAULT CHARSET=utf8;

--
-- Dumping data for table `goods_chk_shock_absorber`
--

INSERT INTO `goods_chk_shock_absorber` (`goods_chk_shock_absorber_id`, `goods_chk_shock_absorber_name`) VALUES
(1, 'ข้างซ้าย'),
(2, 'ข้างขวา');

-- --------------------------------------------------------

--
-- Table structure for table `goods_chk_shock_absorber_comment`
--

CREATE TABLE `goods_chk_shock_absorber_comment` (
  `goods_id` int(11) NOT NULL,
  `goods_chk_shock_absorber_id` int(11) NOT NULL,
  `goods_chk_comment` varchar(255) NOT NULL
) ENGINE=InnoDB DEFAULT CHARSET=utf8;

--
-- Dumping data for table `goods_chk_shock_absorber_comment`
--

INSERT INTO `goods_chk_shock_absorber_comment` (`goods_id`, `goods_chk_shock_absorber_id`, `goods_chk_comment`) VALUES
(44, 1, 'มีรอยขีดข่วน'),
(44, 1, 'มีรอยขีดข่วน'),
(44, 1, 'มีรอยขีดข่วน'),
(44, 1, 'มีรอยขีดข่วน'),
(44, 1, 'มีรอยขีดข่วน'),
(44, 1, 'มีรอยขีดข่วน'),
(44, 1, 'มีรอยขีดข่วน'),
(44, 1, 'มีรอยขีดข่วน'),
(44, 1, 'มีรอยขีดข่วน'),
(44, 1, 'มีรอยขีดข่วน'),
(44, 1, 'มีรอยขีดข่วน'),
(44, 1, 'มีรอยขีดข่วน'),
(44, 1, 'มีรอยขีดข่วน'),
(44, 1, 'มีรอยขีดข่วน'),
(44, 1, 'มีรอยขีดข่วน'),
(44, 1, 'มีรอยขีดข่วน'),
(44, 1, 'มีรอยขีดข่วน'),
(44, 1, 'มีรอยขีดข่วน'),
(44, 1, 'มีรอยขีดข่วน');

-- --------------------------------------------------------

--
-- Table structure for table `goods_chk_side_mirror`
--

CREATE TABLE `goods_chk_side_mirror` (
  `goods_chk_side_mirror_id` int(11) NOT NULL,
  `goods_chk_side_mirror_name` varchar(255) NOT NULL
) ENGINE=InnoDB DEFAULT CHARSET=utf8;

--
-- Dumping data for table `goods_chk_side_mirror`
--

INSERT INTO `goods_chk_side_mirror` (`goods_chk_side_mirror_id`, `goods_chk_side_mirror_name`) VALUES
(1, 'ข้างซ้าย'),
(2, 'ข้างขวา');

-- --------------------------------------------------------

--
-- Table structure for table `goods_chk_side_mirror_comment`
--

CREATE TABLE `goods_chk_side_mirror_comment` (
  `goods_id` int(11) NOT NULL,
  `goods_chk_side_mirror_id` int(11) NOT NULL,
  `goods_chk_comment` varchar(255) NOT NULL
) ENGINE=InnoDB DEFAULT CHARSET=utf8;

-- --------------------------------------------------------

--
-- Table structure for table `goods_chk_speed_meter`
--

CREATE TABLE `goods_chk_speed_meter` (
  `goods_chk_speed_meter_id` int(11) NOT NULL,
  `goods_chk_speed_meter_name` varchar(255) NOT NULL
) ENGINE=InnoDB DEFAULT CHARSET=utf8;

--
-- Dumping data for table `goods_chk_speed_meter`
--

INSERT INTO `goods_chk_speed_meter` (`goods_chk_speed_meter_id`, `goods_chk_speed_meter_name`) VALUES
(1, 'เรือนไมล์');

-- --------------------------------------------------------

--
-- Table structure for table `goods_chk_speed_meter_comment`
--

CREATE TABLE `goods_chk_speed_meter_comment` (
  `goods_id` int(11) NOT NULL,
  `goods_chk_speed_meter_id` int(11) NOT NULL,
  `goods_chk_comment` varchar(255) NOT NULL
) ENGINE=InnoDB DEFAULT CHARSET=utf8;

-- --------------------------------------------------------

--
-- Table structure for table `goods_chk_status`
--

CREATE TABLE `goods_chk_status` (
  `goods_chk_status_id` int(11) NOT NULL,
  `goods_chk_status_name` varchar(50) NOT NULL
) ENGINE=InnoDB DEFAULT CHARSET=utf8;

--
-- Dumping data for table `goods_chk_status`
--

INSERT INTO `goods_chk_status` (`goods_chk_status_id`, `goods_chk_status_name`) VALUES
(1, 'ผ่าน'),
(2, 'ไม่ผ่าน'),
(3, 'เย็น'),
(4, 'ไม่เย็น'),
(5, 'เดิทโรงงาน'),
(6, 'มีร่องรอยซ่อม'),
(7, 'มากกว่า 70%'),
(8, '50 - 70%'),
(9, 'น้อยกว่า  50%');

-- --------------------------------------------------------

--
-- Table structure for table `goods_chk_tire`
--

CREATE TABLE `goods_chk_tire` (
  `goods_chk_tire_id` int(11) NOT NULL,
  `goods_chk_tire_name` varchar(255) NOT NULL
) ENGINE=InnoDB DEFAULT CHARSET=utf8;

--
-- Dumping data for table `goods_chk_tire`
--

INSERT INTO `goods_chk_tire` (`goods_chk_tire_id`, `goods_chk_tire_name`) VALUES
(1, 'ยาง');

-- --------------------------------------------------------

--
-- Table structure for table `goods_chk_tire_comment`
--

CREATE TABLE `goods_chk_tire_comment` (
  `id` int(11) NOT NULL,
  `goods_id` int(11) NOT NULL,
  `goods_chk_tire_id` int(11) NOT NULL,
  `goods_chk_comment` varchar(255) NOT NULL
) ENGINE=InnoDB DEFAULT CHARSET=utf8;

-- --------------------------------------------------------

--
-- Table structure for table `goods_chk_window_film`
--

CREATE TABLE `goods_chk_window_film` (
  `goods_chk_window_film_id` int(11) NOT NULL,
  `goods_chk_window_film_name` varchar(255) NOT NULL
) ENGINE=InnoDB DEFAULT CHARSET=utf8;

--
-- Dumping data for table `goods_chk_window_film`
--

INSERT INTO `goods_chk_window_film` (`goods_chk_window_film_id`, `goods_chk_window_film_name`) VALUES
(1, 'ด้านหน้าขวา'),
(2, 'ด้านหลังขวา'),
(3, 'ด้านหน้าซ้าย'),
(4, 'ด้านหลังขวา');

-- --------------------------------------------------------

--
-- Table structure for table `goods_chk_window_film_comment`
--

CREATE TABLE `goods_chk_window_film_comment` (
  `id` int(11) NOT NULL,
  `goods_id` int(11) NOT NULL,
  `goods_chk_window_film_id` int(11) NOT NULL,
  `goods_chk_comment` varchar(255) NOT NULL
) ENGINE=InnoDB DEFAULT CHARSET=utf8;

-- --------------------------------------------------------

--
-- Table structure for table `goods_chk_window_glass`
--

CREATE TABLE `goods_chk_window_glass` (
  `goods_chk_window_glass_id` int(11) NOT NULL,
  `goods_chk_window_glass_name` varchar(255) NOT NULL
) ENGINE=InnoDB DEFAULT CHARSET=utf8;

--
-- Dumping data for table `goods_chk_window_glass`
--

INSERT INTO `goods_chk_window_glass` (`goods_chk_window_glass_id`, `goods_chk_window_glass_name`) VALUES
(1, 'ด้านหน้าขวา'),
(2, 'ด้านหลังขวา'),
(3, 'ด้านหน้าซ้าย'),
(4, 'ด้านหลังซ้าย');

-- --------------------------------------------------------

--
-- Table structure for table `goods_chk_window_glass_comment`
--

CREATE TABLE `goods_chk_window_glass_comment` (
  `id` int(11) NOT NULL,
  `goods_id` int(11) NOT NULL,
  `goods_chk_window_glass_id` int(11) NOT NULL,
  `goods_chk_comment` varchar(255) NOT NULL
) ENGINE=InnoDB DEFAULT CHARSET=utf8;

-- --------------------------------------------------------

--
-- Table structure for table `goods_chk_windshield`
--

CREATE TABLE `goods_chk_windshield` (
  `goods_chk_windshield_id` int(11) NOT NULL,
  `goods_chk_windshield_name` varchar(255) NOT NULL
) ENGINE=InnoDB DEFAULT CHARSET=utf8;

--
-- Dumping data for table `goods_chk_windshield`
--

INSERT INTO `goods_chk_windshield` (`goods_chk_windshield_id`, `goods_chk_windshield_name`) VALUES
(1, 'ด้านหน้าซ้าย'),
(2, 'ด้านหน้าขวา');

-- --------------------------------------------------------

--
-- Table structure for table `goods_chk_windshield_comment`
--

CREATE TABLE `goods_chk_windshield_comment` (
  `id` int(11) NOT NULL,
  `goods_id` int(11) NOT NULL,
  `goods_chk_windshield_id` int(11) NOT NULL,
  `goods_chk_comment` varchar(255) NOT NULL
) ENGINE=InnoDB DEFAULT CHARSET=utf8;

--
-- Dumping data for table `goods_chk_windshield_comment`
--

INSERT INTO `goods_chk_windshield_comment` (`id`, `goods_id`, `goods_chk_windshield_id`, `goods_chk_comment`) VALUES
(1, 41, 2, 'windshield_comment_2'),
(2, 41, 2, 'windshield_comment_2 last comment'),
(3, 41, 2, 'windshield_comment_2 last comment'),
(4, 41, 2, 'windshield_comment_2 last comment');

-- --------------------------------------------------------

--
-- Table structure for table `goods_img`
--

CREATE TABLE `goods_img` (
  `goods_img_id` int(11) NOT NULL,
  `goods_id` int(11) NOT NULL,
  `goods_img_src` varchar(255) NOT NULL
) ENGINE=InnoDB DEFAULT CHARSET=utf8;

--
-- Dumping data for table `goods_img`
--

INSERT INTO `goods_img` (`goods_img_id`, `goods_id`, `goods_img_src`) VALUES
(8, 20, 'ezgif-7-cb850d03008c.gif'),
(9, 20, 'GUI.PNG'),
(10, 20, 'malong.png'),
(11, 21, 'ezgif-7-cb850d03008c.gif'),
(12, 21, 'GUI.PNG'),
(13, 21, 'malong.png'),
(14, 22, 'ezgif-7-cb850d03008c.gif'),
(15, 22, 'GUI.PNG'),
(16, 22, 'malong.png'),
(17, 23, 'ezgif-7-cb850d03008c.gif'),
(18, 23, 'GUI.PNG'),
(19, 23, 'malong.png'),
(20, 24, 'ezgif-7-cb850d03008c.gif'),
(21, 24, 'GUI.PNG'),
(22, 24, 'malong.png'),
(23, 25, 'ezgif-7-cb850d03008c.gif'),
(24, 25, 'GUI.PNG'),
(25, 25, 'malong.png'),
(26, 26, 'ezgif-7-cb850d03008c.gif'),
(27, 26, 'GUI.PNG'),
(28, 26, 'malong.png'),
(29, 27, 'ezgif-7-cb850d03008c.gif'),
(30, 27, 'GUI.PNG'),
(31, 27, 'malong.png'),
(32, 28, 'ezgif-7-cb850d03008c.gif'),
(33, 28, 'GUI.PNG'),
(34, 28, 'malong.png'),
(35, 40, 'malong.png'),
(36, 40, 'corona_bg2.jpg'),
(37, 40, 'Sketchpad.png'),
(38, 41, 'corona_bg2.jpg'),
(39, 41, 'malong.png'),
(40, 41, 'Sketchpad.png'),
(41, 44, 'Picture1.jpg'),
(42, 44, 'Picture2.png'),
(43, 44, 'Picture4.png'),
(44, 44, 'Picture5.png'),
(45, 45, 'IMG_A2EE71974BA5-1.jpeg'),
(46, 45, ''),
(47, 44, ''),
(48, 44, ''),
(49, 44, ''),
(50, 44, ''),
(51, 44, ''),
(52, 44, ''),
(53, 44, ''),
(54, 44, ''),
(55, 44, ''),
(56, 44, ''),
(57, 44, ''),
(58, 44, ''),
(59, 44, ''),
(60, 44, ''),
(61, 44, ''),
(62, 44, ''),
(63, 44, ''),
(64, 44, ''),
(65, 44, ''),
(66, 44, ''),
(67, 44, ''),
(68, 44, ''),
(69, 44, ''),
(70, 44, ''),
(71, 44, ''),
(72, 44, ''),
(73, 44, ''),
(74, 40, '');

-- --------------------------------------------------------

--
-- Table structure for table `spec_comment`
--

CREATE TABLE `spec_comment` (
  `goods_id` int(11) NOT NULL,
  `chk_spec_id` int(11) NOT NULL,
  `spec_comment_detail` varchar(255) NOT NULL
) ENGINE=InnoDB DEFAULT CHARSET=utf8;

--
-- Dumping data for table `spec_comment`
--

INSERT INTO `spec_comment` (`goods_id`, `chk_spec_id`, `spec_comment_detail`) VALUES
(0, 14, 'comment 14'),
(0, 14, 'comment 14'),
(0, 1, 'ระบบควบคุมการทรงตัว มีปัญหา'),
(21, 1, 'ระบบควบคุมการทรงตัว มีปัญหา'),
(40, 0, 'ถุงลมคอมเมนต์'),
(40, 19, 'หน้าต่างไฟฟ้า'),
(40, 39, 'แผงหน้าปัด'),
(41, 0, 'ถุงลมคอมเมนต์'),
(41, 1, 'something'),
(41, 0, 'ถุงลมคอมเมนต์'),
(41, 1, 'something'),
(41, 0, 'ถุงลมคอมเมนต์'),
(41, 1, 'something'),
(41, 0, 'ถุงลมคอมเมนต์'),
(41, 1, 'something'),
(41, 0, 'ถุงลมคอมเมนต์'),
(41, 1, 'something'),
(41, 0, 'ถุงลมคอมเมนต์ ล่าสุด'),
(41, 1, 'something'),
(41, 0, 'ถุงลมคอมเมนต์'),
(41, 1, 'something'),
(41, 0, 'ถุงลมคอมเมนต์'),
(41, 1, 'something'),
(41, 0, 'ถุงลมคอมเมนต์ ล่าสุด'),
(41, 1, 'something'),
(41, 39, 'last'),
(41, 0, 'ถุงลมคอมเมนต์ ล่าสุด'),
(41, 1, 'something'),
(41, 39, 'last'),
(44, 0, 'ถุงลมนิรภัย คอมเมนต์'),
(44, 0, 'ถุงลมนิรภัย คอมเมนต์'),
(44, 39, 'แผงหน้าปัด'),
(44, 0, 'ถุงลมนิรภัย คอมเมนต์'),
(44, 16, 'ที่บังแดด'),
(44, 0, 'ถุงลมนิรภัย คอมเมนต์'),
(44, 16, 'ที่บังแดด'),
(44, 39, 'แผงหน้าปัด'),
(44, 0, 'ถุงลมนิรภัย คอมเมนต์'),
(44, 16, 'ที่บังแดด'),
(44, 39, 'แผงหน้าปัด'),
(44, 0, 'ถุงลมนิรภัย คอมเมนต์'),
(44, 16, 'ที่บังแดด'),
(44, 39, 'แผงหน้าปัด'),
(44, 0, 'ถุงลมนิรภัย คอมเมนต์'),
(44, 16, 'ที่บังแดด'),
(44, 39, 'แผงหน้าปัด'),
(44, 0, 'ถุงลมนิรภัย คอมเมนต์'),
(44, 39, 'แผงหน้าปัด'),
(44, 0, 'ถุงลมนิรภัย คอมเมนต์'),
(44, 16, 'ที่บังแดด'),
(44, 39, 'แผงหน้าปัด'),
(44, 0, 'ถุงลมนิรภัย คอมเมนต์'),
(44, 16, 'ที่บังแดด'),
(44, 39, 'แผงหน้าปัด'),
(44, 0, 'ถุงลมนิรภัย คอมเมนต์'),
(44, 16, 'ที่บังแดด'),
(44, 39, 'แผงหน้าปัด'),
(44, 0, 'ถุงลมนิรภัย คอมเมนต์'),
(44, 16, 'ที่บังแดด'),
(44, 39, 'แผงหน้าปัด'),
(44, 0, 'ถุงลมนิรภัย คอมเมนต์'),
(44, 16, 'ที่บังแดด'),
(44, 39, 'แผงหน้าปัด'),
(44, 0, 'ถุงลมนิรภัย คอมเมนต์'),
(44, 16, 'ที่บังแดด'),
(44, 39, 'แผงหน้าปัด'),
(44, 0, 'ถุงลมนิรภัย คอมเมนต์'),
(44, 16, 'ที่บังแดด'),
(44, 39, 'แผงหน้าปัด'),
(44, 39, 'แผงหน้าปัด'),
(44, 0, 'ถุงลมนิรภัย คอมเมนต์'),
(44, 16, 'ที่บังแดด'),
(44, 39, 'แผงหน้าปัด'),
(44, 0, 'ถุงลมนิรภัย คอมเมนต์'),
(44, 16, 'ที่บังแดด'),
(44, 39, 'แผงหน้าปัด'),
(44, 0, 'ถุงลมนิรภัย คอมเมนต์'),
(44, 16, 'ที่บังแดด'),
(44, 39, 'แผงหน้าปัด'),
(44, 0, 'ถุงลมนิรภัย คอมเมนต์'),
(44, 16, 'ที่บังแดด'),
(44, 39, 'แผงหน้าปัด'),
(44, 0, 'ถุงลมนิรภัย คอมเมนต์'),
(44, 16, 'ที่บังแดด'),
(44, 39, 'แผงหน้าปัด'),
(44, 0, 'ถุงลมนิรภัย คอมเมนต์'),
(44, 16, 'ที่บังแดด'),
(44, 39, 'แผงหน้าปัด'),
(44, 0, 'ถุงลมนิรภัย คอมเมนต์'),
(44, 16, 'ที่บังแดด'),
(44, 39, 'แผงหน้าปัด'),
(44, 0, 'ถุงลมนิรภัย คอมเมนต์'),
(44, 16, 'ที่บังแดด'),
(44, 39, 'แผงหน้าปัด'),
(44, 0, 'ถุงลมนิรภัย คอมเมนต์'),
(44, 16, 'ที่บังแดด'),
(44, 39, 'แผงหน้าปัด'),
(40, 0, 'ถุงลมคอมเมนต์'),
(40, 19, 'หน้าต่างไฟฟ้า'),
(40, 39, 'แผงหน้าปัด');

--
-- Indexes for dumped tables
--

--
-- Indexes for table `brand`
--
ALTER TABLE `brand`
  ADD PRIMARY KEY (`brand_id`);

--
-- Indexes for table `car`
--
ALTER TABLE `car`
  ADD PRIMARY KEY (`car_id`);

--
-- Indexes for table `chk_alloy`
--
ALTER TABLE `chk_alloy`
  ADD PRIMARY KEY (`id`);

--
-- Indexes for table `chk_car_brand_symbol`
--
ALTER TABLE `chk_car_brand_symbol`
  ADD PRIMARY KEY (`id`);

--
-- Indexes for table `chk_car_door`
--
ALTER TABLE `chk_car_door`
  ADD PRIMARY KEY (`id`);

--
-- Indexes for table `chk_car_floor`
--
ALTER TABLE `chk_car_floor`
  ADD PRIMARY KEY (`id`);

--
-- Indexes for table `chk_car_frame`
--
ALTER TABLE `chk_car_frame`
  ADD PRIMARY KEY (`id`);

--
-- Indexes for table `chk_car_lights`
--
ALTER TABLE `chk_car_lights`
  ADD PRIMARY KEY (`id`);

--
-- Indexes for table `chk_car_roof`
--
ALTER TABLE `chk_car_roof`
  ADD PRIMARY KEY (`id`);

--
-- Indexes for table `chk_ceiling`
--
ALTER TABLE `chk_ceiling`
  ADD PRIMARY KEY (`id`);

--
-- Indexes for table `chk_ceiling_light`
--
ALTER TABLE `chk_ceiling_light`
  ADD PRIMARY KEY (`id`);

--
-- Indexes for table `chk_cooling_system`
--
ALTER TABLE `chk_cooling_system`
  ADD PRIMARY KEY (`id`);

--
-- Indexes for table `chk_engine_and_gear`
--
ALTER TABLE `chk_engine_and_gear`
  ADD PRIMARY KEY (`id`);

--
-- Indexes for table `chk_engine_compartment_wall`
--
ALTER TABLE `chk_engine_compartment_wall`
  ADD PRIMARY KEY (`id`);

--
-- Indexes for table `chk_entertainment_control_system`
--
ALTER TABLE `chk_entertainment_control_system`
  ADD PRIMARY KEY (`id`);

--
-- Indexes for table `chk_fog_lamp`
--
ALTER TABLE `chk_fog_lamp`
  ADD PRIMARY KEY (`id`);

--
-- Indexes for table `chk_front_beam`
--
ALTER TABLE `chk_front_beam`
  ADD PRIMARY KEY (`id`);

--
-- Indexes for table `chk_front_fender`
--
ALTER TABLE `chk_front_fender`
  ADD PRIMARY KEY (`id`);

--
-- Indexes for table `chk_front_light`
--
ALTER TABLE `chk_front_light`
  ADD PRIMARY KEY (`id`);

--
-- Indexes for table `chk_handbrake`
--
ALTER TABLE `chk_handbrake`
  ADD PRIMARY KEY (`id`);

--
-- Indexes for table `chk_handrail`
--
ALTER TABLE `chk_handrail`
  ADD PRIMARY KEY (`id`);

--
-- Indexes for table `chk_instrument_panel`
--
ALTER TABLE `chk_instrument_panel`
  ADD PRIMARY KEY (`id`);

--
-- Indexes for table `chk_lock_system`
--
ALTER TABLE `chk_lock_system`
  ADD PRIMARY KEY (`id`);

--
-- Indexes for table `chk_multimedia_system`
--
ALTER TABLE `chk_multimedia_system`
  ADD PRIMARY KEY (`id`);

--
-- Indexes for table `chk_outside`
--
ALTER TABLE `chk_outside`
  ADD PRIMARY KEY (`id`);

--
-- Indexes for table `chk_powertrain`
--
ALTER TABLE `chk_powertrain`
  ADD PRIMARY KEY (`id`);

--
-- Indexes for table `chk_rear_fender`
--
ALTER TABLE `chk_rear_fender`
  ADD PRIMARY KEY (`id`);

--
-- Indexes for table `chk_ruby_bumper`
--
ALTER TABLE `chk_ruby_bumper`
  ADD PRIMARY KEY (`id`);

--
-- Indexes for table `chk_seat`
--
ALTER TABLE `chk_seat`
  ADD PRIMARY KEY (`id`);

--
-- Indexes for table `chk_shock_absorber`
--
ALTER TABLE `chk_shock_absorber`
  ADD PRIMARY KEY (`id`);

--
-- Indexes for table `chk_side_mirror`
--
ALTER TABLE `chk_side_mirror`
  ADD PRIMARY KEY (`id`);

--
-- Indexes for table `chk_spec`
--
ALTER TABLE `chk_spec`
  ADD PRIMARY KEY (`id`);

--
-- Indexes for table `chk_speed_meter`
--
ALTER TABLE `chk_speed_meter`
  ADD PRIMARY KEY (`id`);

--
-- Indexes for table `chk_tire`
--
ALTER TABLE `chk_tire`
  ADD PRIMARY KEY (`id`);

--
-- Indexes for table `chk_window_film`
--
ALTER TABLE `chk_window_film`
  ADD PRIMARY KEY (`id`);

--
-- Indexes for table `chk_window_glass`
--
ALTER TABLE `chk_window_glass`
  ADD PRIMARY KEY (`id`);

--
-- Indexes for table `chk_windshield`
--
ALTER TABLE `chk_windshield`
  ADD PRIMARY KEY (`id`);

--
-- Indexes for table `goods`
--
ALTER TABLE `goods`
  ADD PRIMARY KEY (`goods_id`);

--
-- Indexes for table `goods_chk_alloy`
--
ALTER TABLE `goods_chk_alloy`
  ADD PRIMARY KEY (`goods_chk_alloy_id`);

--
-- Indexes for table `goods_chk_alloy_comment`
--
ALTER TABLE `goods_chk_alloy_comment`
  ADD PRIMARY KEY (`id`);

--
-- Indexes for table `goods_chk_car_brand_symbol`
--
ALTER TABLE `goods_chk_car_brand_symbol`
  ADD PRIMARY KEY (`goods_chk_car_brand_symbol_id`);

--
-- Indexes for table `goods_chk_car_brand_symbol_comment`
--
ALTER TABLE `goods_chk_car_brand_symbol_comment`
  ADD PRIMARY KEY (`id`);

--
-- Indexes for table `goods_chk_car_door`
--
ALTER TABLE `goods_chk_car_door`
  ADD PRIMARY KEY (`goods_chk_car_door_id`);

--
-- Indexes for table `goods_chk_car_door_comment`
--
ALTER TABLE `goods_chk_car_door_comment`
  ADD PRIMARY KEY (`id`);

--
-- Indexes for table `goods_chk_car_floor`
--
ALTER TABLE `goods_chk_car_floor`
  ADD PRIMARY KEY (`goods_chk_car_floor_id`);

--
-- Indexes for table `goods_chk_car_floor_comment`
--
ALTER TABLE `goods_chk_car_floor_comment`
  ADD PRIMARY KEY (`id`);

--
-- Indexes for table `goods_chk_car_frame`
--
ALTER TABLE `goods_chk_car_frame`
  ADD PRIMARY KEY (`goods_chk_car_frame_id`);

--
-- Indexes for table `goods_chk_car_frame_comment`
--
ALTER TABLE `goods_chk_car_frame_comment`
  ADD PRIMARY KEY (`id`);

--
-- Indexes for table `goods_chk_car_lights`
--
ALTER TABLE `goods_chk_car_lights`
  ADD PRIMARY KEY (`goods_chk_car_lights_id`);

--
-- Indexes for table `goods_chk_car_lights_comment`
--
ALTER TABLE `goods_chk_car_lights_comment`
  ADD PRIMARY KEY (`id`);

--
-- Indexes for table `goods_chk_car_roof`
--
ALTER TABLE `goods_chk_car_roof`
  ADD PRIMARY KEY (`goods_chk_car_roof_id`);

--
-- Indexes for table `goods_chk_ceiling`
--
ALTER TABLE `goods_chk_ceiling`
  ADD PRIMARY KEY (`goods_chk_ceiling_id`);

--
-- Indexes for table `goods_chk_ceiling_light`
--
ALTER TABLE `goods_chk_ceiling_light`
  ADD PRIMARY KEY (`goods_chk_ceiling_light_id`);

--
-- Indexes for table `goods_chk_cooling_system`
--
ALTER TABLE `goods_chk_cooling_system`
  ADD PRIMARY KEY (`goods_chk_cooling_system_id`);

--
-- Indexes for table `goods_chk_engine_and_gear`
--
ALTER TABLE `goods_chk_engine_and_gear`
  ADD PRIMARY KEY (`goods_chk_engine_and_gear_id`);

--
-- Indexes for table `goods_chk_engine_compartment_wall`
--
ALTER TABLE `goods_chk_engine_compartment_wall`
  ADD PRIMARY KEY (`goods_chk_engine_compartment_wall_id`);

--
-- Indexes for table `goods_chk_entertainment_control_system`
--
ALTER TABLE `goods_chk_entertainment_control_system`
  ADD PRIMARY KEY (`goods_chk_entertainment_control_system_id`);

--
-- Indexes for table `goods_chk_fog_lamp`
--
ALTER TABLE `goods_chk_fog_lamp`
  ADD PRIMARY KEY (`goods_chk_fog_lamp_id`);

--
-- Indexes for table `goods_chk_front_beam`
--
ALTER TABLE `goods_chk_front_beam`
  ADD PRIMARY KEY (`goods_chk_front_beam_id`);

--
-- Indexes for table `goods_chk_front_fender`
--
ALTER TABLE `goods_chk_front_fender`
  ADD PRIMARY KEY (`goods_chk_front_fender_id`);

--
-- Indexes for table `goods_chk_front_light`
--
ALTER TABLE `goods_chk_front_light`
  ADD PRIMARY KEY (`goods_chk_front_light_id`);

--
-- Indexes for table `goods_chk_handbrake`
--
ALTER TABLE `goods_chk_handbrake`
  ADD PRIMARY KEY (`goods_chk_handbrake_id`);

--
-- Indexes for table `goods_chk_handrail`
--
ALTER TABLE `goods_chk_handrail`
  ADD PRIMARY KEY (`goods_chk_handrail_id`);

--
-- Indexes for table `goods_chk_instrument_panel`
--
ALTER TABLE `goods_chk_instrument_panel`
  ADD PRIMARY KEY (`goods_chk_instrument_panel_id`);

--
-- Indexes for table `goods_chk_lock_system`
--
ALTER TABLE `goods_chk_lock_system`
  ADD PRIMARY KEY (`goods_chk_lock_system_id`);

--
-- Indexes for table `goods_chk_multimedia_system`
--
ALTER TABLE `goods_chk_multimedia_system`
  ADD PRIMARY KEY (`goods_chk_multimedia_system_id`);

--
-- Indexes for table `goods_chk_outside`
--
ALTER TABLE `goods_chk_outside`
  ADD PRIMARY KEY (`goods_chk_outside_id`);

--
-- Indexes for table `goods_chk_powertrain`
--
ALTER TABLE `goods_chk_powertrain`
  ADD PRIMARY KEY (`goods_chk_powertrain_id`);

--
-- Indexes for table `goods_chk_rear_fender`
--
ALTER TABLE `goods_chk_rear_fender`
  ADD PRIMARY KEY (`goods_chk_rear_fender_id`);

--
-- Indexes for table `goods_chk_ruby_bumper`
--
ALTER TABLE `goods_chk_ruby_bumper`
  ADD PRIMARY KEY (`goods_chk_ruby_bumper_id`);

--
-- Indexes for table `goods_chk_seat`
--
ALTER TABLE `goods_chk_seat`
  ADD PRIMARY KEY (`goods_chk_seat_id`);

--
-- Indexes for table `goods_chk_shock_absorber`
--
ALTER TABLE `goods_chk_shock_absorber`
  ADD PRIMARY KEY (`goods_chk_shock_absorber_id`);

--
-- Indexes for table `goods_chk_side_mirror`
--
ALTER TABLE `goods_chk_side_mirror`
  ADD PRIMARY KEY (`goods_chk_side_mirror_id`);

--
-- Indexes for table `goods_chk_speed_meter`
--
ALTER TABLE `goods_chk_speed_meter`
  ADD PRIMARY KEY (`goods_chk_speed_meter_id`);

--
-- Indexes for table `goods_chk_status`
--
ALTER TABLE `goods_chk_status`
  ADD PRIMARY KEY (`goods_chk_status_id`);

--
-- Indexes for table `goods_chk_tire`
--
ALTER TABLE `goods_chk_tire`
  ADD PRIMARY KEY (`goods_chk_tire_id`);

--
-- Indexes for table `goods_chk_tire_comment`
--
ALTER TABLE `goods_chk_tire_comment`
  ADD PRIMARY KEY (`id`);

--
-- Indexes for table `goods_chk_window_film`
--
ALTER TABLE `goods_chk_window_film`
  ADD PRIMARY KEY (`goods_chk_window_film_id`);

--
-- Indexes for table `goods_chk_window_film_comment`
--
ALTER TABLE `goods_chk_window_film_comment`
  ADD PRIMARY KEY (`id`);

--
-- Indexes for table `goods_chk_window_glass`
--
ALTER TABLE `goods_chk_window_glass`
  ADD PRIMARY KEY (`goods_chk_window_glass_id`);

--
-- Indexes for table `goods_chk_window_glass_comment`
--
ALTER TABLE `goods_chk_window_glass_comment`
  ADD PRIMARY KEY (`id`);

--
-- Indexes for table `goods_chk_windshield`
--
ALTER TABLE `goods_chk_windshield`
  ADD PRIMARY KEY (`goods_chk_windshield_id`);

--
-- Indexes for table `goods_chk_windshield_comment`
--
ALTER TABLE `goods_chk_windshield_comment`
  ADD PRIMARY KEY (`id`);

--
-- Indexes for table `goods_img`
--
ALTER TABLE `goods_img`
  ADD PRIMARY KEY (`goods_img_id`);

--
-- AUTO_INCREMENT for dumped tables
--

--
-- AUTO_INCREMENT for table `brand`
--
ALTER TABLE `brand`
  MODIFY `brand_id` int(11) NOT NULL AUTO_INCREMENT, AUTO_INCREMENT=10;

--
-- AUTO_INCREMENT for table `car`
--
ALTER TABLE `car`
  MODIFY `car_id` int(11) NOT NULL AUTO_INCREMENT, AUTO_INCREMENT=2;

--
-- AUTO_INCREMENT for table `chk_alloy`
--
ALTER TABLE `chk_alloy`
  MODIFY `id` int(11) NOT NULL AUTO_INCREMENT, AUTO_INCREMENT=93;

--
-- AUTO_INCREMENT for table `chk_car_brand_symbol`
--
ALTER TABLE `chk_car_brand_symbol`
  MODIFY `id` int(11) NOT NULL AUTO_INCREMENT, AUTO_INCREMENT=47;

--
-- AUTO_INCREMENT for table `chk_car_door`
--
ALTER TABLE `chk_car_door`
  MODIFY `id` int(11) NOT NULL AUTO_INCREMENT, AUTO_INCREMENT=93;

--
-- AUTO_INCREMENT for table `chk_car_floor`
--
ALTER TABLE `chk_car_floor`
  MODIFY `id` int(11) NOT NULL AUTO_INCREMENT, AUTO_INCREMENT=24;

--
-- AUTO_INCREMENT for table `chk_car_frame`
--
ALTER TABLE `chk_car_frame`
  MODIFY `id` int(11) NOT NULL AUTO_INCREMENT, AUTO_INCREMENT=139;

--
-- AUTO_INCREMENT for table `chk_car_lights`
--
ALTER TABLE `chk_car_lights`
  MODIFY `id` int(11) NOT NULL AUTO_INCREMENT COMMENT '\r\n', AUTO_INCREMENT=24;

--
-- AUTO_INCREMENT for table `chk_car_roof`
--
ALTER TABLE `chk_car_roof`
  MODIFY `id` int(11) NOT NULL AUTO_INCREMENT COMMENT '\r\n', AUTO_INCREMENT=24;

--
-- AUTO_INCREMENT for table `chk_ceiling`
--
ALTER TABLE `chk_ceiling`
  MODIFY `id` int(11) NOT NULL AUTO_INCREMENT, AUTO_INCREMENT=24;

--
-- AUTO_INCREMENT for table `chk_ceiling_light`
--
ALTER TABLE `chk_ceiling_light`
  MODIFY `id` int(11) NOT NULL AUTO_INCREMENT, AUTO_INCREMENT=24;

--
-- AUTO_INCREMENT for table `chk_cooling_system`
--
ALTER TABLE `chk_cooling_system`
  MODIFY `id` int(11) NOT NULL AUTO_INCREMENT, AUTO_INCREMENT=24;

--
-- AUTO_INCREMENT for table `chk_engine_and_gear`
--
ALTER TABLE `chk_engine_and_gear`
  MODIFY `id` int(11) NOT NULL AUTO_INCREMENT, AUTO_INCREMENT=47;

--
-- AUTO_INCREMENT for table `chk_engine_compartment_wall`
--
ALTER TABLE `chk_engine_compartment_wall`
  MODIFY `id` int(11) NOT NULL AUTO_INCREMENT, AUTO_INCREMENT=24;

--
-- AUTO_INCREMENT for table `chk_entertainment_control_system`
--
ALTER TABLE `chk_entertainment_control_system`
  MODIFY `id` int(11) NOT NULL AUTO_INCREMENT, AUTO_INCREMENT=24;

--
-- AUTO_INCREMENT for table `chk_fog_lamp`
--
ALTER TABLE `chk_fog_lamp`
  MODIFY `id` int(11) NOT NULL AUTO_INCREMENT, AUTO_INCREMENT=89;

--
-- AUTO_INCREMENT for table `chk_front_beam`
--
ALTER TABLE `chk_front_beam`
  MODIFY `id` int(11) NOT NULL AUTO_INCREMENT, AUTO_INCREMENT=24;

--
-- AUTO_INCREMENT for table `chk_front_fender`
--
ALTER TABLE `chk_front_fender`
  MODIFY `id` int(11) NOT NULL AUTO_INCREMENT, AUTO_INCREMENT=47;

--
-- AUTO_INCREMENT for table `chk_front_light`
--
ALTER TABLE `chk_front_light`
  MODIFY `id` int(11) NOT NULL AUTO_INCREMENT, AUTO_INCREMENT=89;

--
-- AUTO_INCREMENT for table `chk_handbrake`
--
ALTER TABLE `chk_handbrake`
  MODIFY `id` int(11) NOT NULL AUTO_INCREMENT, AUTO_INCREMENT=24;

--
-- AUTO_INCREMENT for table `chk_handrail`
--
ALTER TABLE `chk_handrail`
  MODIFY `id` int(11) NOT NULL AUTO_INCREMENT, AUTO_INCREMENT=47;

--
-- AUTO_INCREMENT for table `chk_instrument_panel`
--
ALTER TABLE `chk_instrument_panel`
  MODIFY `id` int(11) NOT NULL AUTO_INCREMENT, AUTO_INCREMENT=24;

--
-- AUTO_INCREMENT for table `chk_lock_system`
--
ALTER TABLE `chk_lock_system`
  MODIFY `id` int(11) NOT NULL AUTO_INCREMENT, AUTO_INCREMENT=24;

--
-- AUTO_INCREMENT for table `chk_multimedia_system`
--
ALTER TABLE `chk_multimedia_system`
  MODIFY `id` int(11) NOT NULL AUTO_INCREMENT, AUTO_INCREMENT=24;

--
-- AUTO_INCREMENT for table `chk_outside`
--
ALTER TABLE `chk_outside`
  MODIFY `id` int(11) NOT NULL AUTO_INCREMENT, AUTO_INCREMENT=177;

--
-- AUTO_INCREMENT for table `chk_powertrain`
--
ALTER TABLE `chk_powertrain`
  MODIFY `id` int(11) NOT NULL AUTO_INCREMENT, AUTO_INCREMENT=116;

--
-- AUTO_INCREMENT for table `chk_rear_fender`
--
ALTER TABLE `chk_rear_fender`
  MODIFY `id` int(11) NOT NULL AUTO_INCREMENT, AUTO_INCREMENT=47;

--
-- AUTO_INCREMENT for table `chk_ruby_bumper`
--
ALTER TABLE `chk_ruby_bumper`
  MODIFY `id` int(11) NOT NULL AUTO_INCREMENT, AUTO_INCREMENT=133;

--
-- AUTO_INCREMENT for table `chk_seat`
--
ALTER TABLE `chk_seat`
  MODIFY `id` int(11) NOT NULL AUTO_INCREMENT, AUTO_INCREMENT=93;

--
-- AUTO_INCREMENT for table `chk_shock_absorber`
--
ALTER TABLE `chk_shock_absorber`
  MODIFY `id` int(11) NOT NULL AUTO_INCREMENT, AUTO_INCREMENT=47;

--
-- AUTO_INCREMENT for table `chk_side_mirror`
--
ALTER TABLE `chk_side_mirror`
  MODIFY `id` int(11) NOT NULL AUTO_INCREMENT, AUTO_INCREMENT=47;

--
-- AUTO_INCREMENT for table `chk_spec`
--
ALTER TABLE `chk_spec`
  MODIFY `id` int(11) NOT NULL AUTO_INCREMENT, AUTO_INCREMENT=1857;

--
-- AUTO_INCREMENT for table `chk_speed_meter`
--
ALTER TABLE `chk_speed_meter`
  MODIFY `id` int(11) NOT NULL AUTO_INCREMENT, AUTO_INCREMENT=24;

--
-- AUTO_INCREMENT for table `chk_tire`
--
ALTER TABLE `chk_tire`
  MODIFY `id` int(11) NOT NULL AUTO_INCREMENT, AUTO_INCREMENT=24;

--
-- AUTO_INCREMENT for table `chk_window_film`
--
ALTER TABLE `chk_window_film`
  MODIFY `id` int(11) NOT NULL AUTO_INCREMENT, AUTO_INCREMENT=93;

--
-- AUTO_INCREMENT for table `chk_window_glass`
--
ALTER TABLE `chk_window_glass`
  MODIFY `id` int(11) NOT NULL AUTO_INCREMENT, AUTO_INCREMENT=93;

--
-- AUTO_INCREMENT for table `chk_windshield`
--
ALTER TABLE `chk_windshield`
  MODIFY `id` int(11) NOT NULL AUTO_INCREMENT, AUTO_INCREMENT=89;

--
-- AUTO_INCREMENT for table `goods`
--
ALTER TABLE `goods`
  MODIFY `goods_id` int(11) NOT NULL AUTO_INCREMENT, AUTO_INCREMENT=45;

--
-- AUTO_INCREMENT for table `goods_chk_alloy`
--
ALTER TABLE `goods_chk_alloy`
  MODIFY `goods_chk_alloy_id` int(11) NOT NULL AUTO_INCREMENT, AUTO_INCREMENT=5;

--
-- AUTO_INCREMENT for table `goods_chk_alloy_comment`
--
ALTER TABLE `goods_chk_alloy_comment`
  MODIFY `id` int(11) NOT NULL AUTO_INCREMENT, AUTO_INCREMENT=2;

--
-- AUTO_INCREMENT for table `goods_chk_car_brand_symbol`
--
ALTER TABLE `goods_chk_car_brand_symbol`
  MODIFY `goods_chk_car_brand_symbol_id` int(11) NOT NULL AUTO_INCREMENT, AUTO_INCREMENT=3;

--
-- AUTO_INCREMENT for table `goods_chk_car_brand_symbol_comment`
--
ALTER TABLE `goods_chk_car_brand_symbol_comment`
  MODIFY `id` int(11) NOT NULL AUTO_INCREMENT;

--
-- AUTO_INCREMENT for table `goods_chk_car_door`
--
ALTER TABLE `goods_chk_car_door`
  MODIFY `goods_chk_car_door_id` int(11) NOT NULL AUTO_INCREMENT, AUTO_INCREMENT=5;

--
-- AUTO_INCREMENT for table `goods_chk_car_door_comment`
--
ALTER TABLE `goods_chk_car_door_comment`
  MODIFY `id` int(11) NOT NULL AUTO_INCREMENT;

--
-- AUTO_INCREMENT for table `goods_chk_car_floor`
--
ALTER TABLE `goods_chk_car_floor`
  MODIFY `goods_chk_car_floor_id` int(11) NOT NULL AUTO_INCREMENT, AUTO_INCREMENT=2;

--
-- AUTO_INCREMENT for table `goods_chk_car_floor_comment`
--
ALTER TABLE `goods_chk_car_floor_comment`
  MODIFY `id` int(11) NOT NULL AUTO_INCREMENT;

--
-- AUTO_INCREMENT for table `goods_chk_car_frame`
--
ALTER TABLE `goods_chk_car_frame`
  MODIFY `goods_chk_car_frame_id` int(11) NOT NULL AUTO_INCREMENT, AUTO_INCREMENT=7;

--
-- AUTO_INCREMENT for table `goods_chk_car_frame_comment`
--
ALTER TABLE `goods_chk_car_frame_comment`
  MODIFY `id` int(11) NOT NULL AUTO_INCREMENT;

--
-- AUTO_INCREMENT for table `goods_chk_car_lights`
--
ALTER TABLE `goods_chk_car_lights`
  MODIFY `goods_chk_car_lights_id` int(11) NOT NULL AUTO_INCREMENT, AUTO_INCREMENT=2;

--
-- AUTO_INCREMENT for table `goods_chk_car_lights_comment`
--
ALTER TABLE `goods_chk_car_lights_comment`
  MODIFY `id` int(11) NOT NULL AUTO_INCREMENT;

--
-- AUTO_INCREMENT for table `goods_chk_car_roof`
--
ALTER TABLE `goods_chk_car_roof`
  MODIFY `goods_chk_car_roof_id` int(11) NOT NULL AUTO_INCREMENT, AUTO_INCREMENT=2;

--
-- AUTO_INCREMENT for table `goods_chk_ceiling`
--
ALTER TABLE `goods_chk_ceiling`
  MODIFY `goods_chk_ceiling_id` int(11) NOT NULL AUTO_INCREMENT, AUTO_INCREMENT=2;

--
-- AUTO_INCREMENT for table `goods_chk_ceiling_light`
--
ALTER TABLE `goods_chk_ceiling_light`
  MODIFY `goods_chk_ceiling_light_id` int(11) NOT NULL AUTO_INCREMENT, AUTO_INCREMENT=2;

--
-- AUTO_INCREMENT for table `goods_chk_cooling_system`
--
ALTER TABLE `goods_chk_cooling_system`
  MODIFY `goods_chk_cooling_system_id` int(11) NOT NULL AUTO_INCREMENT, AUTO_INCREMENT=2;

--
-- AUTO_INCREMENT for table `goods_chk_engine_and_gear`
--
ALTER TABLE `goods_chk_engine_and_gear`
  MODIFY `goods_chk_engine_and_gear_id` int(11) NOT NULL AUTO_INCREMENT, AUTO_INCREMENT=3;

--
-- AUTO_INCREMENT for table `goods_chk_engine_compartment_wall`
--
ALTER TABLE `goods_chk_engine_compartment_wall`
  MODIFY `goods_chk_engine_compartment_wall_id` int(11) NOT NULL AUTO_INCREMENT, AUTO_INCREMENT=2;

--
-- AUTO_INCREMENT for table `goods_chk_entertainment_control_system`
--
ALTER TABLE `goods_chk_entertainment_control_system`
  MODIFY `goods_chk_entertainment_control_system_id` int(11) NOT NULL AUTO_INCREMENT, AUTO_INCREMENT=2;

--
-- AUTO_INCREMENT for table `goods_chk_fog_lamp`
--
ALTER TABLE `goods_chk_fog_lamp`
  MODIFY `goods_chk_fog_lamp_id` int(11) NOT NULL AUTO_INCREMENT, AUTO_INCREMENT=3;

--
-- AUTO_INCREMENT for table `goods_chk_front_beam`
--
ALTER TABLE `goods_chk_front_beam`
  MODIFY `goods_chk_front_beam_id` int(11) NOT NULL AUTO_INCREMENT, AUTO_INCREMENT=2;

--
-- AUTO_INCREMENT for table `goods_chk_front_fender`
--
ALTER TABLE `goods_chk_front_fender`
  MODIFY `goods_chk_front_fender_id` int(11) NOT NULL AUTO_INCREMENT, AUTO_INCREMENT=3;

--
-- AUTO_INCREMENT for table `goods_chk_front_light`
--
ALTER TABLE `goods_chk_front_light`
  MODIFY `goods_chk_front_light_id` int(11) NOT NULL AUTO_INCREMENT, AUTO_INCREMENT=3;

--
-- AUTO_INCREMENT for table `goods_chk_handbrake`
--
ALTER TABLE `goods_chk_handbrake`
  MODIFY `goods_chk_handbrake_id` int(11) NOT NULL AUTO_INCREMENT, AUTO_INCREMENT=2;

--
-- AUTO_INCREMENT for table `goods_chk_handrail`
--
ALTER TABLE `goods_chk_handrail`
  MODIFY `goods_chk_handrail_id` int(11) NOT NULL AUTO_INCREMENT, AUTO_INCREMENT=3;

--
-- AUTO_INCREMENT for table `goods_chk_instrument_panel`
--
ALTER TABLE `goods_chk_instrument_panel`
  MODIFY `goods_chk_instrument_panel_id` int(11) NOT NULL AUTO_INCREMENT, AUTO_INCREMENT=2;

--
-- AUTO_INCREMENT for table `goods_chk_lock_system`
--
ALTER TABLE `goods_chk_lock_system`
  MODIFY `goods_chk_lock_system_id` int(11) NOT NULL AUTO_INCREMENT, AUTO_INCREMENT=2;

--
-- AUTO_INCREMENT for table `goods_chk_multimedia_system`
--
ALTER TABLE `goods_chk_multimedia_system`
  MODIFY `goods_chk_multimedia_system_id` int(11) NOT NULL AUTO_INCREMENT, AUTO_INCREMENT=2;

--
-- AUTO_INCREMENT for table `goods_chk_outside`
--
ALTER TABLE `goods_chk_outside`
  MODIFY `goods_chk_outside_id` int(11) NOT NULL AUTO_INCREMENT, AUTO_INCREMENT=5;

--
-- AUTO_INCREMENT for table `goods_chk_powertrain`
--
ALTER TABLE `goods_chk_powertrain`
  MODIFY `goods_chk_powertrain_id` int(11) NOT NULL AUTO_INCREMENT, AUTO_INCREMENT=6;

--
-- AUTO_INCREMENT for table `goods_chk_rear_fender`
--
ALTER TABLE `goods_chk_rear_fender`
  MODIFY `goods_chk_rear_fender_id` int(11) NOT NULL AUTO_INCREMENT, AUTO_INCREMENT=3;

--
-- AUTO_INCREMENT for table `goods_chk_ruby_bumper`
--
ALTER TABLE `goods_chk_ruby_bumper`
  MODIFY `goods_chk_ruby_bumper_id` int(11) NOT NULL AUTO_INCREMENT, AUTO_INCREMENT=4;

--
-- AUTO_INCREMENT for table `goods_chk_seat`
--
ALTER TABLE `goods_chk_seat`
  MODIFY `goods_chk_seat_id` int(11) NOT NULL AUTO_INCREMENT, AUTO_INCREMENT=5;

--
-- AUTO_INCREMENT for table `goods_chk_shock_absorber`
--
ALTER TABLE `goods_chk_shock_absorber`
  MODIFY `goods_chk_shock_absorber_id` int(11) NOT NULL AUTO_INCREMENT, AUTO_INCREMENT=3;

--
-- AUTO_INCREMENT for table `goods_chk_side_mirror`
--
ALTER TABLE `goods_chk_side_mirror`
  MODIFY `goods_chk_side_mirror_id` int(11) NOT NULL AUTO_INCREMENT, AUTO_INCREMENT=3;

--
-- AUTO_INCREMENT for table `goods_chk_speed_meter`
--
ALTER TABLE `goods_chk_speed_meter`
  MODIFY `goods_chk_speed_meter_id` int(11) NOT NULL AUTO_INCREMENT, AUTO_INCREMENT=2;

--
-- AUTO_INCREMENT for table `goods_chk_status`
--
ALTER TABLE `goods_chk_status`
  MODIFY `goods_chk_status_id` int(11) NOT NULL AUTO_INCREMENT, AUTO_INCREMENT=10;

--
-- AUTO_INCREMENT for table `goods_chk_tire`
--
ALTER TABLE `goods_chk_tire`
  MODIFY `goods_chk_tire_id` int(11) NOT NULL AUTO_INCREMENT, AUTO_INCREMENT=2;

--
-- AUTO_INCREMENT for table `goods_chk_tire_comment`
--
ALTER TABLE `goods_chk_tire_comment`
  MODIFY `id` int(11) NOT NULL AUTO_INCREMENT;

--
-- AUTO_INCREMENT for table `goods_chk_window_film`
--
ALTER TABLE `goods_chk_window_film`
  MODIFY `goods_chk_window_film_id` int(11) NOT NULL AUTO_INCREMENT, AUTO_INCREMENT=5;

--
-- AUTO_INCREMENT for table `goods_chk_window_film_comment`
--
ALTER TABLE `goods_chk_window_film_comment`
  MODIFY `id` int(11) NOT NULL AUTO_INCREMENT;

--
-- AUTO_INCREMENT for table `goods_chk_window_glass`
--
ALTER TABLE `goods_chk_window_glass`
  MODIFY `goods_chk_window_glass_id` int(11) NOT NULL AUTO_INCREMENT, AUTO_INCREMENT=5;

--
-- AUTO_INCREMENT for table `goods_chk_window_glass_comment`
--
ALTER TABLE `goods_chk_window_glass_comment`
  MODIFY `id` int(11) NOT NULL AUTO_INCREMENT;

--
-- AUTO_INCREMENT for table `goods_chk_windshield`
--
ALTER TABLE `goods_chk_windshield`
  MODIFY `goods_chk_windshield_id` int(11) NOT NULL AUTO_INCREMENT, AUTO_INCREMENT=3;

--
-- AUTO_INCREMENT for table `goods_chk_windshield_comment`
--
ALTER TABLE `goods_chk_windshield_comment`
  MODIFY `id` int(11) NOT NULL AUTO_INCREMENT, AUTO_INCREMENT=5;

--
-- AUTO_INCREMENT for table `goods_img`
--
ALTER TABLE `goods_img`
  MODIFY `goods_img_id` int(11) NOT NULL AUTO_INCREMENT, AUTO_INCREMENT=75;
COMMIT;

/*!40101 SET CHARACTER_SET_CLIENT=@OLD_CHARACTER_SET_CLIENT */;
/*!40101 SET CHARACTER_SET_RESULTS=@OLD_CHARACTER_SET_RESULTS */;
/*!40101 SET COLLATION_CONNECTION=@OLD_COLLATION_CONNECTION */;
